file,comparison,match
02_MAIN_FIGURES/Figure_1_Study_Architecture.pdf,page_text,True
02_MAIN_FIGURES/Figure_1_Study_Architecture.png,pixels,True
02_MAIN_FIGURES/Figure_1_Study_Architecture.tiff,pixels,True
02_MAIN_FIGURES/Figure_2_Cross_Cohort_Longitudinal_Displacement.pdf,page_text,True
02_MAIN_FIGURES/Figure_2_Cross_Cohort_Longitudinal_Displacement.png,pixels,True
02_MAIN_FIGURES/Figure_2_Cross_Cohort_Longitudinal_Displacement.tiff,pixels,True
02_MAIN_FIGURES/Figure_3_Core_Sepsis_and_Taxonomic_Concordance.pdf,page_text,True
02_MAIN_FIGURES/Figure_3_Core_Sepsis_and_Taxonomic_Concordance.png,pixels,True
02_MAIN_FIGURES/Figure_3_Core_Sepsis_and_Taxonomic_Concordance.tiff,pixels,True
02_MAIN_FIGURES/Figure_4_External_Validation_Trauma_Comparison.pdf,page_text,True
02_MAIN_FIGURES/Figure_4_External_Validation_Trauma_Comparison.png,pixels,True
02_MAIN_FIGURES/Figure_4_External_Validation_Trauma_Comparison.tiff,pixels,True
02_MAIN_FIGURES/Figure_5_Infection_Source_Longitudinal_Ecology.pdf,page_text,True
02_MAIN_FIGURES/Figure_5_Infection_Source_Longitudinal_Ecology.png,pixels,True
02_MAIN_FIGURES/Figure_5_Infection_Source_Longitudinal_Ecology.tiff,pixels,True
03_SUPPLEMENTARY_FIGURES/Supplementary_Figure_S1_Taxonomic_Concordance_Sensitivity.pdf,page_text,True
03_SUPPLEMENTARY_FIGURES/Supplementary_Figure_S1_Taxonomic_Concordance_Sensitivity.png,pixels,True
03_SUPPLEMENTARY_FIGURES/Supplementary_Figure_S1_Taxonomic_Concordance_Sensitivity.tiff,pixels,True
03_SUPPLEMENTARY_FIGURES/Supplementary_Figure_S2_Pair_Counts.pdf,page_text,True
03_SUPPLEMENTARY_FIGURES/Supplementary_Figure_S2_Pair_Counts.png,pixels,True
03_SUPPLEMENTARY_FIGURES/Supplementary_Figure_S2_Pair_Counts.tiff,pixels,True
03_SUPPLEMENTARY_FIGURES/Supplementary_Figure_S3_Bray_Meta_Analysis.pdf,page_text,True
03_SUPPLEMENTARY_FIGURES/Supplementary_Figure_S3_Bray_Meta_Analysis.png,pixels,True
03_SUPPLEMENTARY_FIGURES/Supplementary_Figure_S3_Bray_Meta_Analysis.tiff,pixels,True
03_SUPPLEMENTARY_FIGURES/Supplementary_Figure_S4_CZM_Aitchison_Meta_Analysis.pdf,page_text,True
03_SUPPLEMENTARY_FIGURES/Supplementary_Figure_S4_CZM_Aitchison_Meta_Analysis.png,pixels,True
03_SUPPLEMENTARY_FIGURES/Supplementary_Figure_S4_CZM_Aitchison_Meta_Analysis.tiff,pixels,True
03_SUPPLEMENTARY_FIGURES/Supplementary_Figure_S5_Family_Balance.pdf,page_text,True
03_SUPPLEMENTARY_FIGURES/Supplementary_Figure_S5_Family_Balance.png,pixels,True
03_SUPPLEMENTARY_FIGURES/Supplementary_Figure_S5_Family_Balance.tiff,pixels,True
03_SUPPLEMENTARY_FIGURES/Supplementary_Figure_S6_Healthy_Reference.pdf,page_text,True
03_SUPPLEMENTARY_FIGURES/Supplementary_Figure_S6_Healthy_Reference.png,pixels,True
03_SUPPLEMENTARY_FIGURES/Supplementary_Figure_S6_Healthy_Reference.tiff,pixels,True
FINAL_MAIN_FIGURE_LEGENDS.txt,bytes,True
FINAL_SUPPLEMENTARY_FIGURE_LEGENDS.txt,bytes,True
Supplementary_Information.pdf,page_text,True
