file,bytes,sha256
.gitattributes,138,290212ce2889fd325d9d635a81a22bee910157e50d1294571dc1b2e914c0713e
.gitignore,421,2cd6bcf03cd9bbd70d83d977563e474bebeff62ed62255ecafb121a56bca7f84
analysis/01_001_build_project_inventory.ps1,10314,c6ca4d2c8e1959381f5fd8d6b04bff7017592b198d09e4abc1efa8f416512cde
analysis/01_002_profile_metadata.py,12850,ffefa1f4b9d56424a20e161783efc09064b21314a4ac3319623caccdb51a5e25
analysis/01_003_profile_metadata_revision_02.py,7732,52ac988d77661f4f8750e1384e5aee089069f57422ca3a5f4bd554bb030560a8
analysis/01_004_fetch_public_metadata.py,20584,ca74ced2f4ac114cfd3f694bcc2d096cdf4faa7bbcd0ff7a2c6eee27e7bfaed4
analysis/01_005_fetch_missing_public_resources.py,8963,c45274133eb92c8baaf593f9fa2947a87ca9abf98e5148654519ab130aba6836
analysis/01_006_audit_metadata_coverage.py,12577,5722dd7c30d5ba685364977c274b4891801454f25fcfdc0b9ef47d0eac5554b5
analysis/01_007_audit_metadata_coverage.R,11509,31f9d2463f919cfecf67883ab96c86ccf4b6df3f6d236ddab2aa5c67957652ca
analysis/01_008_build_sample_patient_time_map.R,21502,88ae347d7b37417a63f863bf3f8ad8fce6fb188a520e49c8c66f19fb33271dc6
analysis/01_009_repair_and_adjudicate_mapping.R,26414,215ac4840df5013a17813eb7977bc3661d6cf0cc3d1b6839485f58705b73cecd
analysis/01_010_resolve_remaining_public_metadata.R,22317,56be99499de13511fd25f791eb07cd79e58f2e3844912b56e7a2d74a9b373632
analysis/01_011_final_public_metadata_rescue.R,24114,d9dd31d4025d2057c666814c6b7aa5fcf4d3237fe8dd2e2688e3b13259768856
analysis/01_012_finalize_prjeb82425_prjeb67798_mapping.R,25186,16e325a8a643644d4d5b8e9a9eaaf2bed86baa9e80d7d65d7705f94addf20b9c
analysis/01_013_finish_exact_metadata_mapping.R,5994,d047ce5d2079aaa0cf0b52473675ba8ed1c217275c0f9bec7fd204296e37abb8
analysis/01_014_classify_prjeb82425_body_site_from_fastq.R,13588,240ba3b6d6a93466839cf6ca1e813678f400e03c8d887cea3fcffb0a1594793c
analysis/01_015_finalize_prjeb82425_body_site.R,11294,44fb2660b8078867e9dda63ae3b2d0729158cd261bf990092ecbdbfdc4932107
analysis/01_016_build_master_metadata.R,13628,aa82d61a7f2c7953e840c8dc0d154bda63c0498d493df02b6f45163166bb19e1
analysis/01_017_merge_legacy_into_full_master.R,24528,89b1c35ad8465a38c47e06bdb0524198daaab0e0fb90432b8414ff1bec625cd7
analysis/01_018_audit_longitudinal_eligibility.R,14365,42a5eb498b17f6dc8db248d82c2edd467b0a301ba0242ae9d460f80013ece2e9
analysis/01_019_triage_missing_projects.R,18466,61cb288af9ce84d2096e84cfaeb9ce2618ae4a9e754f6438b4385c3dbafca6b7
analysis/01_020_rescue_high_value_missing_cohorts.R,29065,1641b6985acafb032c5e0311ef3d94622b600408b98c80fa19daa6a47221bb81
analysis/01_021_continue_high_value_metadata_rescue.R,26671,4ae2b92012dd8cff691b7127f71a90185ae0b5ad161d590a9ad430a794b633ff
analysis/01_022_continue_high_value_metadata_rescue_corrected.R,27937,6352a2619f089defccfbabeceb856263ca4cfedcd3a78f0d948302f66f4c06bc
analysis/01_023_continue_high_value_metadata_rescue_corrected_revision_02.R,27944,00cbc89ed25ac00c9bb041fb895a12766e7b2f0a5de697466aa26385148ba59e
analysis/01_024_finalize_68229_adjudicate_1125274.R,13538,40357d75f2172122d32592b0a91745aa55df9e3b44c8eeeb6c57a5a5e4330f30
analysis/01_025_robust_rescue_prjna851469_cra002354.R,12621,6bc965c5aa8c370044ad329ae7411813c5a6c5e5780c22688d99508750402c22
analysis/01_026_rescue_prjna851469_cra002354.R,12358,e678a958b4b0ba42e96eb969e8fe1a855f2fc5660ca47f1ae9855523d2b41cb0
analysis/01_027_parse_prjna851469_cra002354_metadata_offline.R,18776,03bd7c887112dd876e0d6c3828d8617e32a4a487d49916ce9875724013a88235
analysis/01_028_finalize_cra002354_prjna851469_metadata_offline.R,34058,87fec52d339979cdff5624e543824233acf9400e542e9ac9f7940a3da46de936
analysis/01_029_finalize_core_metadata_robust_offline.R,10546,4c10d89fc34075b8a02a75c3bae08b40d45177085768329df7341506c3b583da
analysis/01_030_fix_cra_clinical_and_map_runs_offline.R,13679,999a77314c2266602b6b1159ad85e0d6c6dc0f6be0ae2aece07dcb149a1dd4ff
analysis/01_031_finalize_run_mapping_offline.R,15104,049ee1ccbdd905d593098ea745038f97e60cc12b23a608a4c19aad82c2ae0acc
analysis/01_032_strict_final_technical_mapping_offline.R,13943,836fbd1f40ca5d344698c43642d411af9af838d3bc844acdddaff3d24c10b1bb
analysis/01_033_exact_final_mapping_offline.R,11018,9b7136fe47ad78af4daec7ad72ecc1f7c522ce926b30c6dd92b1fc8b7dc4b0c1
analysis/01_034_build_final_frozen_master_and_audit.R,29280,a5b3c1ea75e51cefcc8fd06d249f34455788fd4c30e9626f357bde40a7d6ad62
analysis/01_035_build_final_frozen_master_robust.R,32195,7b308c4bad01c56a89df3808bbd400a4704a9edcce184397fc0a2fe42e70e994
analysis/01_036_correct_final_cohort_freeze.R,25125,f3dafa7ab16064c968d30a464058aa2fabbc1ab754ba21d87b6787ef1124b15d
analysis/01_037_repair_cra_clinical_and_refreeze.R,30727,d361a6ccda1296a7b1de4ff0d3a36239e09e5635095dfa135863497275b9ce5d
analysis/02_001_audit_asv_and_raw_sequence_readiness.R,18261,6531a598e12e57b25dcb35e04017e81f30b76bf16be25f6f5a16fb4c316d4d8d
analysis/02_002_validate_reusable_asv_and_processing_routes.R,26563,e986b2780322e01893cf2e6c0c5c7e3f0f3b7b0fff579cd243534092f6475095
analysis/02_003_freeze_sequence_processing_routes.R,15802,0fd22c4858249156774905f3de04504f4bdac658a3ed6ea9713e7d80fad69d00
analysis/02_004_build_canonical_analysis_workspace.R,25930,06a80c02c744da2556d84cd71c6b7e40f638b10a9ac80a55382297af90308ab1
analysis/02_005_audit_read_quality_primer_from_canonical_workspace.R,30193,e9f1939f11cc39358ce4965bb91577356a01619a527d5d2ccc6cd5a5216fb813
analysis/02_006_freeze_platform_aware_dada2_pilot_parameters.R,17092,a77703693d314c18ed27ffef731a3e3639b696d2855ec3ed3ee790596f83daab
analysis/02_007_retry_prjna1166732_merge_overlap_diagnostic.R,15257,24f8603d0653d0db01f44b31a4de4135974b5f9e454b208d0182f86a914db44d
analysis/02_008_run_5sample_dada2_pilot.R,22533,71bcb0798b45e44354649607e0cb531433b55e7c830048dcb5c933d5262c3fe6
analysis/02_009_prjna578267_samplewise_resume.R,9113,78b14135459b30fee85bc5996d61cc39f9442a0fc728bf04c6cba386cf636a30
analysis/02_010_prjna578267_build_prechim_batched.R,10547,47b28a4c51a06796518492961e6b6dfa0551a890680c7097e572572e4626e5c6
analysis/02_011_prjna578267_remove_chimera_minparent8.R,11130,352796d957bf67a9d653536a89156f2410ab80abf08b2961ec53aa1d87482326
analysis/02_012_resume_parallel_manager.ps1,9591,6db2376eb3cc3c65b50ee75442fddcd1abf9e1a1d9d674e45cf89be40fe2da67
analysis/02_013_run_full_cohort_dada2.R,26675,9d90feb5150a66244baee2edd71f3e46ec2e6ebfeda60d6d983e302ea75637f1
analysis/02_014_finalize_prjna516701_and_close_paired_dada2_batch.R,16666,a7cdc3dfadc6f93996d7a600e857b5d87e4e2e0d190080e11faea730b5742f2d
analysis/02_015_assign_silva1382_taxonomy_corrected_md5.R,23522,1791dac70b46924537f0a3e5736f32ec70ead2ccdc44598f5918fc44dcb784ba
analysis/02_016_assign_silva1382_taxonomy_zenodo_corrected.R,24168,931c93313f8dfc66b4a316dd2f4ebd9628372bc02592166b0f033ad3dbaa4e50
analysis/02_017_assign_silva1382_taxonomy_to_selected_asvs.R,20217,62dbccdd5bcfb6e57a80c44d41b9dfae98e42cc1f6b235430130f76ebc451f12
analysis/02_018_taxonomy_qc_and_depth_audit_corrected.R,16602,dd2f4fcdbb8a706841a33181ef7f8bb3490e845765a9deb766ea265271e6a8c0
analysis/02_019_taxonomy_qc_and_depth_audit.R,16252,d56a7b259af049ecf1ae8ed370f104940ab9be891e1f00439f8e7976f4cc4330
analysis/02_020_freeze_taxonomy_filter_and_audit_longitudinal_depth.R,19664,2b4adf571faee62678e5b2487b03bd3fff5c6763f5aa2a7ef1dff65b2236a294
analysis/02_021_correct_depth_audit_and_freeze_min2000.R,18687,84b80b7edc17d4f03b4fb2d5d5e35f71b5abde5a960241a4c58086a7becf8784
analysis/03_001_rebuild_full_analysis_metadata_and_replicate_audit_corrected.R,23133,e3de9bf02583a76449c7aaf3501587cc786105ee9d7abdc07db794e02480e73a
analysis/03_002_rebuild_full_analysis_metadata_and_replicate_audit.R,19529,25c1d55750cf90e61dd4d8805cef31fee854da24e676540216f0a22e8078fa8b
analysis/03_003_freeze_replicate_rule_and_build_analysis_objects.R,25861,8cd483055037419fe4027f73a8d3386621731440011f2fc437327a3ad800dde3
analysis/03_003_freeze_replicate_rule_and_build_analysis_objects_run.ps1,1069,85de3c6589519c195a77181a4dd935597cc7e260b9c0d6377212046659c345cd
analysis/03_004_longitudinal_diversity_and_displacement_corrected.R,42053,d311e4ce6d98d20ccecc52b675f065e53aa51287435373552029fd2ba4345396
analysis/03_004_longitudinal_diversity_and_displacement_corrected_run.ps1,1462,bd0e7532b1845a0b3b271ce19389f7cfd61c06e289a1f0b54e9a993079bcfa9a
analysis/03_005_longitudinal_diversity_and_displacement.R,40234,f072c4a8afef6787474f24c3c1c68104ce3a987b303c69d11d0d99948f43afe0
analysis/03_005_longitudinal_diversity_and_displacement_run.ps1,1611,78709100c674db6eff9ff85bead2a296eaf253a9d32b0f3cc002de9dec5e3aa9
analysis/03_006_anchor_robustness_and_paired_contrasts.R,23433,86279f5b3042b01163169f9e44d3cc84cbea1f0e2f745577c24699bcbe70466b
analysis/03_006_anchor_robustness_and_paired_contrasts_run.ps1,1444,064f066f85d92ebf3c7f51da0198c4475cc51cf8bb3536b285446c34e4aee161
analysis/03_007_taxonomic_paired_trajectory_screen_corrected.R,36153,b2e42e46ca326dbdf0c7d178dea3a5a2bf6002a74f58c49c2d3114eaaa51f048
analysis/03_007_taxonomic_paired_trajectory_screen_corrected_run.ps1,1457,1f06b18f8f32c4e283adb5c18fd7702c2f810d0835b573965abcab61a9f9c6e0
analysis/03_008_taxonomic_paired_trajectory_screen.R,36117,863419076b4defc7625a9ec7de270776607c55566b61c0183fb36d2aa0941782
analysis/03_008_taxonomic_paired_trajectory_screen_run.ps1,1440,a3d696512ff1c5044977b4891f7bd78f58f96cf02cfd6a9ac588d3af72beb5c3
analysis/03_009_taxonomic_robustness_and_provenance.R,33541,cdcc9dda810682dfb86e38f1c7e55e532ae6899612bf391ecefb99d973e4a2bc
analysis/03_009_taxonomic_robustness_and_provenance_run.ps1,1441,b5401cf0d2bbca549685a21f222775373219cfe1351579b43d72762126cf0052
analysis/03_010_ecological_robustness_and_shared_taxonomy.R,28924,9f66a412fc30710b06c7b4b64afcbf85a4c6b67e9ae37bd17758c85086039eb0
analysis/03_010_ecological_robustness_and_shared_taxonomy_run.ps1,1447,fadb2ba97cbe308e30cc27db715aa7914e8bbe61efb56c8c44d04366ead80168
analysis/03_011_corrected_coherence_inference.R,17158,82c70c2974737933a95bc96501e3e4c243768eaa945895c0cfdc13bebbec5d44
analysis/03_011_corrected_coherence_inference_run.ps1,1435,be0bdaa2929d5c8af23dd82afa16bfd55ec435676e8f41764ddfefc132614313
analysis/04_001_infection_source_feasibility_audit.R,19170,881e4891d83bc38591685be26cd4048aee30e58a1afcf99bcf5d7fac17bc6a6f
analysis/04_001_infection_source_feasibility_audit_run.ps1,1440,af65ce3b5e577d042298906655d459b63132c288c9a95a1d69ee1268401d8cc1
analysis/04_002_infection_source_freeze_and_analysis_corrected.R,30664,b50811c700433661d308de6af05a6d51ac0656c3954fc556384798822a462e81
analysis/04_002_infection_source_freeze_and_analysis_corrected_run.ps1,1459,1889e25a5ded355b6152beeddcb03b0450b65835fb5e853d725722bd089bcf24
analysis/04_003_infection_source_freeze_and_analysis_field_collision_corrected.R,32873,ae1ab0d6d7448b2364c8412bbc9cf1d5ead652783a25db85690ea2c2d6c5a882
analysis/04_003_infection_source_freeze_and_analysis_field_collision_corrected_run.ps1,1469,1b198b60755484332fc54c9b6222b1294a659142e41170b2897c87dcfc14dc67
analysis/04_004_infection_source_freeze_and_analysis_attrition_corrected.R,37305,03512d389cd6d57ebce977754ed0ddc7d781a75f15799bb089886bbc35de1bc6
analysis/04_004_infection_source_freeze_and_analysis_attrition_corrected_run.ps1,1463,193570a60fda5d143e2b2540b4b16d462c7c6a20a085547579f0b7347616017f
analysis/04_005_infection_source_freeze_and_analysis.R,30634,9600036d52e5dc226569a985c8baf516b1415fcaeace32857a82b3f621cfe95e
analysis/04_005_infection_source_freeze_and_analysis_run.ps1,1442,4e93ce136bc6c5aeae5deeeeeb24f0d260d90bcd91484616cf72095201e05568
analysis/04_006_metadata_enhancement_audit.R,3136,32b78bcc3f8c7b44586e9c73ed4d5263f8709d71c76de946f986d9d33f818bc8
analysis/04_006_metadata_enhancement_audit_run.ps1,178,5ffbd4f198c49446715802aa3442a38f6acbd30bc149962b69aab074a751de65
analysis/04_007_clinical_metadata_deep_audit.R,3001,27a67bdc93ca69272fe060f4f18808977aa5fbc0a29c2cda7d733fad6aafbb2c
analysis/04_007_clinical_metadata_deep_audit_run.ps1,180,b8edf2998865049b82c02bc61142dbc00960624fc28c1344c85a187ac3b5bd7b
analysis/04_008_clinical_variable_characterization.R,1633,b5933fb8e355814762e607cd9c4936404284ee90a662eea2900d29feef079fb6
analysis/04_008_clinical_variable_characterization_run.ps1,150,b7d7df01300543e3763e9a0e45b06dfae23b971d65c855bab1ad9ac489d43578
analysis/04_009_value_level_clinical_feasibility.R,13695,45e4e82914ca76cd696e6094900fe1ac3ef3734f9819cb05d3a9d8e52855044e
analysis/04_009_value_level_clinical_feasibility_run.ps1,959,19266d4d1bca8021a5edaf5581718867ec34343677b1e99253546098eaa29008
analysis/04_010_raw_clinical_metadata_recovery_audit_corrected.R,9966,616238910bb48ddea8b0be7992749589bdb8b18d81726018e8e9df5ff47c285b
analysis/04_010_raw_clinical_metadata_recovery_audit_corrected_run.ps1,1139,9ab9e22bf97fdc09ae7dcf802727e08a997377366a4fde8edcd8c9488bd90fde
analysis/04_011_raw_clinical_metadata_recovery_audit.R,9235,2591e8814bb5543538680c2491d1c5feb432e3b769a5bcc5a85802bbedcee5ad
analysis/04_011_raw_clinical_metadata_recovery_audit_run.ps1,987,d7f04a9ef15b7431de83f5f7b752d31b506eb981f8ea3662dbeb0fa966c23b84
analysis/04_012_prjna851469_clinical_recovery_linkage.R,9713,44368497d6dccd323b49b9ec83c3aa26ab5e79a8d1020cdd1ea6684a2a8e07d3
analysis/04_012_prjna851469_clinical_recovery_linkage_run.ps1,1153,2466ad07bd2f0a6638d1f5dae2bb22bc334560ed773e0c9ad8e2bc8e979e4ba3
analysis/04_013_prjna851469_day3_clinical_outcome_models_corrected.R,12017,ec20b265a6f9736e14c56dd44814dc70dd0d8526faca4857e633e4d55abaa5b5
analysis/04_013_prjna851469_day3_clinical_outcome_models_corrected_run.ps1,1927,c74d5d3ca622f5679e306d11c736c3693a1aa06af1fe46730c016d93abb0dfce
analysis/04_014_prjna851469_day3_clinical_outcome_models.R,12098,6d94c8206aaf5424d25cdc1bb205b5771020f1441ef4a01871b8a6b8ec2f0e2c
analysis/04_014_prjna851469_day3_clinical_outcome_models_run.ps1,1331,3c7b673ab75caecebdd8c3a1bbc9db0b4d1a3c74f8e51bbe85b1429fa4a3713d
analysis/04_015_cross_cohort_taxonomic_reproducibility_audit.R,10137,3b26daf7adadd37a92cb763796d884f2d9dd399a9dd9e468d2f2e84c6e9cb4d2
analysis/04_015_cross_cohort_taxonomic_reproducibility_audit_run.ps1,1638,692c1a4ebbbda7fc8866cbd94f8ea8de61691af39161dfd9da4a8fc02c9a6672
analysis/04_016_comparison_selection_fix.R,1796,46015dcd607e3c435dd03d75d5ee6c456c52b0ebdc91658e5fad2d598354915a
analysis/04_016_comparison_selection_fix_run.ps1,389,1a9f982218dffe60e6d2c16fb91e927dec716a5a2f26d1a4bcaf98844be062e4
analysis/04_017_cross_cohort_taxonomic_reproducibility_final.R,20835,1d93d2a5cd968f36457fd4e533769be70cf56f15c8bc124a74a5a40603dcbdb5
analysis/04_017_cross_cohort_taxonomic_reproducibility_final_run.ps1,2114,28787feae95155db266d1a37f1f89bc1ad9ba3ecebd0ba640976c4a4322fe481
analysis/04_018_cross_cohort_taxonomic_reproducibility.R,18459,2bb5d8c3ec89c4700e75bb077a8851e0824bfef89c6b504458646428dd6a3b37
analysis/04_018_cross_cohort_taxonomic_reproducibility_run.ps1,2054,d839ded34b5a597fcfd8cfff8753fe5ea05228a4de0f51e4606e1b486bd03fe0
analysis/04_019_microbiome_enhancement_evidence_freeze.R,9810,c3293da5696f005b6a6803e1f129efc76b29a5dfdb35d5a485628a1497dbba00
analysis/04_019_microbiome_enhancement_evidence_freeze_run.ps1,1185,4345e548fc542656f349ae91e2c264b336cbaae3d9d74c49a025afc3a0229753
analysis/04_020_check_clinical_characterization_package_utility.ps1,2671,95d2b6bae5c97d59e80fb6cbbed1d53d9208d9c04a8171f1cbff5e6d7d1061ef
analysis/05_001_eii_feasibility_audit.R,4485,c67b7cabe9e324c97d9ef54d8e4b1ede0d33be76e7862430043587bcc8c580f8
analysis/05_001_eii_feasibility_audit_run.ps1,475,3dd3bc1116ba21a312ffee147d3b52e14be229a815f5d0dbf68f2c8defdc73c9
analysis/05_002_eii_baseline_harmonization_corrected.R,5631,3f6123044ee5b985ccd042e78cd0c71eda73f4006029b44fe8630e3aaaef87ee
analysis/05_002_eii_baseline_harmonization_corrected_run.ps1,208,a23a7bd4faed5814f1853cf96dc6b913a6b185fae4fac5968c72ec6c8b087516
analysis/05_003_eii_construction.R,5675,89622c12e1000025e910c02fd4a28a2f299dc75089bd87fcb3c4f8f5308af813
analysis/05_003_eii_construction_run.ps1,286,4390597958ba2dc3103169b529514ce4b79e7f1ae0315d4b8ca96ade830afff9
analysis/05_004_eii_cross_cohort_validation.R,3028,b89722b3ca1abb01fa24eb8d443c3c904988865d5a080fc2bfb0f9016f40285a
analysis/05_004_eii_cross_cohort_validation_run.ps1,199,03958b4e5b442cb89f030a4e7f64462f914d25e10ca2df5092e4f1a5b483e293
analysis/05_005_eii_stability_comparison.R,3271,613d91d5cffe5f5dcd6e4579c5d4dcbf8baebcc097fe7bac5b7a2ee432db439d
analysis/05_005_eii_stability_comparison_run.ps1,196,4c3513f3eb85be05f450397f6ba54751af84223fed252f52c01d2fda5291c683
analysis/05_006_taxonomic_heterogeneity_vs_eii.R,2161,0177a0c18837c4ef710342ec0e3c84b47597c3c473f3b4da5a1eb2c393a25cfe
analysis/05_006_taxonomic_heterogeneity_vs_eii_run.ps1,202,eed8bcfb1b7f61bf91a88fcbd48f5ec8d16ac9e869c5de095b23e8ed1cf306dc
analysis/05_007_taxonomic_trajectory_heterogeneity.R,1678,dd5e382b7ee32eddbc568b7c1c941ae6288c3d52024ae6c55b8388182cc851e6
analysis/05_007_taxonomic_trajectory_heterogeneity_run.ps1,206,c9959eb4bbb63c173cff589fded7ea797c2e878c0ba2c62f0b47f617f824f57a
analysis/05_008_taxonomic_divergence_vs_eii.R,1763,e480911b6cb9cb78900b1718bb1f25572b7e86e40314bf8ebe3cb0ba3401080f
analysis/05_008_taxonomic_divergence_vs_eii_run.ps1,199,2ff63b7edce9f44190a768b65802781d0d09a30d25db105aba375928d70e2f9b
analysis/05_009_taxonomic_heterogeneity_index.R,1987,f5def258b12533aa13aa307ba949f2189c0552dd91102d8de43005cb675b175d
analysis/05_009_taxonomic_heterogeneity_index_run.ps1,201,9f68cc710038491dadb941213831fc9379497f2e725033c2c62315ddc6a38e75
analysis/05_010_taxonomic_trajectory_divergence.R,1812,048842b708091603b96c480cf936a0ffe3f4cd16e1a8ba0de903966394f51dad
analysis/05_010_taxonomic_trajectory_divergence_run.ps1,203,64db6f4fcbd1104bc31676926f2a811fc7b61e1380294d79364ddac75b3b0dd5
analysis/05_011_taxonomic_heterogeneity_calculation.R,2445,156edda223edaa443a731dff85d35b9aacea30bfc98639a0498ef3ef545c6ecd
analysis/05_011_taxonomic_heterogeneity_calculation_run.ps1,207,6fb21f5f887d9394282b8e9a218261eb784cd4aa0ae715ee538b972c9a47b430
analysis/05_012_taxonomic_trajectory_divergence_revision_02.R,2069,51051d52c0fec637baedaf696c3f7714d8df1924c63bf4dda6378d482efed6f3
analysis/05_012_taxonomic_trajectory_divergence_revision_02_run.ps1,215,ab40745da62f4977fbb3395377d45470a487e99a248927b368bc742d82d1e1f9
analysis/05_013_taxonomic_trajectory_distance.R,2326,3df9771b8a21952f2f3173725a4fa06f553c1d63722f92d2d28a49aa83fa3674
analysis/05_013_taxonomic_trajectory_distance_run.ps1,201,fa86682583e1028a61b6edab9a69a38cfc8c1944306a48a2e482f0126844ec89
analysis/05_014_taxonomic_matrix_selection_fix.R,2056,2528dce32650eaa765c92369271941aa37251822d956ab0c810120d89be3cb14
analysis/05_014_taxonomic_matrix_selection_fix_run.ps1,202,7b350fbb5648f61d1aa91d43a822eed8d3af207039e8950fa57137bc1136a606
analysis/05_015_raw_abundance_matrix_discovery.R,2287,b720603f1a1affb4a6bee8d935649b486ecaffdc1d627a631b12204eecc6a495
analysis/05_015_raw_abundance_matrix_discovery_run.ps1,202,ca49640b0c8f8e32a27b323dce37f548b4bc52c5c7e2e69b73793f5e02ba5a1b
analysis/05_016_genus_matrix_validation.R,1897,f3547de004667aa8f8e62d809610995a1625cda91e05cce7390c17d692cba374
analysis/05_016_genus_matrix_validation_run.ps1,195,5dc02ca0d054353f42d5c5e409dca793e0d54a7d6cb24978de6261d2ee6e9804
analysis/05_017_taxonomic_trajectory_reconstruction.R,1126,c2a12309daf9af0d25e44dfb640c5f8a1dc7375e4ca7825042d0acca90dc5b3b
analysis/05_017_taxonomic_trajectory_reconstruction_run.ps1,203,f72327858524985f51051f0a5ad970ab5dd1f657e8dcbc524aa698310465165c
analysis/05_018_download_metadata_from_ncbi.R,742,849976641d08b35fbb4516f28c49892df8e3e2d67652b004cab1e3554dc866af
analysis/05_018_download_metadata_from_ncbi_run.ps1,179,a3ee53b5e14d367a68654c9e0cca17f0c3df38de732c6f8e9046ce58e77d99cb
analysis/05_019_metadata_autodiscovery.R,4244,9308d4843612e578057ea0a7b9afd525b197f93b4685bcb313abdf00fee2a58c
analysis/05_019_metadata_autodiscovery_run.ps1,195,9f9a76c2cc8d3a3e1bbd7883ef71deda16464d5ceb6b3b34927367dd1f7665e3
analysis/05_020_metadata_strict_mapping.R,5025,22a604bea3fb89df7a05e9ed3d7d7b635540666241984c3846cd48a19c8caa34
analysis/05_020_metadata_strict_mapping_run.ps1,196,544a19451c26b9044ef1d618f7526a6e2d970fbf89eebccef32569b3674030f0
analysis/05_021_patient_timepoint_reconstruction.R,3134,cc0fa58db26f7864cf74aaf9003cf1d92fda543c9b442080187f49863a272dad
analysis/05_021_patient_timepoint_reconstruction_run.ps1,205,0b4ae6ba7d6361f42254f2f283606dab18f1a55ebfe0667808fa2762fc11e991
analysis/05_022_sample_mapping_build.R,4243,535dc0d55dc033ca3211c8ddc35cde970c6918fd5c1740c6776205c031558605
analysis/05_022_sample_mapping_build_run.ps1,193,dfe54c5a02c1c3d5113f511bce07970c3012dea88b2016a7d81accf5fab4dab6
analysis/05_023_taxonomic_abundance_metadata_integration.R,2799,e043ad951ebf0d035e7460a9a3ae90bfc9098ef4599a05dbb51aa1b32e82d550
analysis/05_023_taxonomic_abundance_metadata_integration_run.ps1,213,6552571b114071cafc0e732824ac5fe4a62804444afcb924b728766cb38d3120
analysis/05_024_longitudinal_taxonomic_trajectory_analysis.R,2199,f30323d1dc1b88cd9374951c643f3b3de36c12603b24ceeeed3fb4d87b13761e
analysis/05_024_longitudinal_taxonomic_trajectory_analysis_run.ps1,215,e96f9c3079fb683b9eec166c9046e4686fd49aae93923ed84bf57d33c47ed1f2
analysis/05_025_trajectory_patient_id_reconstruction_fix.R,1971,bfd497602de50f79a8cc751620c58d24a024f9b684006bbf8bc36115393f7ac3
analysis/05_025_trajectory_patient_id_reconstruction_fix_run.ps1,213,ff78e6325fc16ecf0ad7162377b159f0f0a270bad068ef6d2eb44b4c236cf606
analysis/05_026_trajectory_distance_final_fix.R,1968,9f25a6440521a411c0e7463a0fd3354f9ca9fff94d74c4161c0047520002e26e
analysis/05_026_trajectory_distance_final_fix_run.ps1,198,f76607e5ace9dc0b8cd820a0d4eb357aaa306fe5acc386fdbccdd05e315a72d6
analysis/05_027_fix_na_trajectory.R,2980,849c791f1686a97c33927843759b336e0e7c88b6ffcdaa5e5053201c6872232b
analysis/05_027_fix_na_trajectory_run.ps1,186,22d1f8c25aa3ad7b7c34f35732c7853c6a54b6515e85a70a9a15288d3fe0bb2c
analysis/05_028_taxonomic_trajectory_divergence_analysis.R,3650,a62bfe0f8482ea2f2ef2f1fb0305595f9b992d3a63101d713bc7c38726257cb5
analysis/05_028_taxonomic_trajectory_divergence_analysis_run.ps1,213,3f8218d8f6e5cdea5090a63439bc6796c354497b3658c6043bd35252dc64c351
analysis/05_029_trajectory_distance_method_fix.R,2169,1c4402b7dbc99ca75b0e284ed6059ed95b2aeb48fe0fb799aa8e1338c1c3d3f4
analysis/05_029_trajectory_distance_method_fix_run.ps1,199,f2d72cae8c0891b801c4c0e9c574412663545cfec607e0584e8ff040d23685a6
analysis/05_030_signed_trajectory_clustering.R,1820,e86b908053279b9680e4e3d6c1f9c42d18582b5d8e229bc15e9996b92ab3aa26
analysis/05_030_signed_trajectory_clustering_run.ps1,201,89f41eac23a8bd997f0637b883dd4635920d9b7746157081990cf8b53adc8234
analysis/05_031_eii_file_selection_fix.R,2286,6419527b34511de8689f124168c3375f68c00b97866a0dc86661778854c27860
analysis/05_031_eii_file_selection_fix_run.ps1,195,56773be3ee0a2a2fdaa59e11b4e861b63b1171b138a9492d79d3af5de4bd71e7
analysis/05_032_eii_real_table_identification.R,3001,64224358692c0343e6670e7bfaf58e649b72c21dca596efe665a8254f9bf25c9
analysis/05_032_eii_real_table_identification_run.ps1,198,99939ae3503f7dab97b1b0b60846917818d70e8773f3b0aaa5da7abee9f1500c
analysis/05_033_eii_xlsx_patient_search.R,2021,4c4407146a1a0568d69cd20796948ad95936b3577346bcc6387cec2d78b2992e
analysis/05_033_eii_xlsx_patient_search_run.ps1,192,2e3bef07dfbccb9c85eb4ac53d74d18e28a19b32ad8d6f616d3f5a630b84197a
analysis/05_034_eii_all_format_discovery.R,2557,3c7bf01c835565232b0296704a7d984976653f85a35ebcf9b4442b994a8545f3
analysis/05_034_eii_all_format_discovery_run.ps1,193,667dd0a6a2e6b95f62ed0d90dde86fd20447f18885e274fc50f8537902e5c585
analysis/05_035_eii_code_history_search.R,1623,71aeb290ffbd59c534eb8ee2c6d488c8e641123a174062a8f94559752e88cb0e
analysis/05_035_eii_code_history_search_run.ps1,192,ab3b9958532e93eda9c9ddaa0063982c1e349635a6d0b5b48f5492641498ebea
analysis/05_036_fix_eii_trajectory_integration.R,3090,305b29aa23da7d9b2b16cda5c8126b6a0a208228d5b1ae3a7410fe14175d5dd0
analysis/05_036_fix_eii_trajectory_integration_run.ps1,203,edaf279229557dfee69bab8bdc3f23e8b1f466308e834e2528c895ecc6d8331c
analysis/05_037_patient_id_mapping_audit.R,2723,86dda3085f33e30cc38c1c057d78f1680a2cf2409bbd7b5f0d5fe3ce47e3279c
analysis/05_037_patient_id_mapping_audit_run.ps1,197,417f3c6f933916f98c90defac73eb9cb1a42113de8a93286fa4453dbbb5e960c
analysis/05_038_run_patient_mapping_reconstruction.R,1750,4af6cb3dfc25da3cd2a75de76dde2ee1a1049379e94f1fedb644af123a54e68d
analysis/05_038_run_patient_mapping_reconstruction_run.ps1,203,d10dfbce17e643331bb76d22cb706cc9c95d638f20404cfc6a0f7bd73f39c9f5
analysis/05_039_debug_path_check.R,847,33810c77cf636a979e0e00bb5a43322224f6f9ce4fbbb3a4dbeadcf73f668d58
analysis/05_039_debug_path_check_run.ps1,185,ca87b7621be3b7f6abee1c56d160f38d4b83affd8aec4f20ed61a480c8eaced3
analysis/05_040_fix_always_output.R,1893,53ab36f87e1504916594f394393cc026e1ce7e15e2132683788be12a9c446f60
analysis/05_040_fix_always_output_run.ps1,186,4a9aebb170d7dcfe3a932b116fb42dfd55f52fa78774f3cca89f03ab019bbb93
analysis/05_041_run_to_patient_mapping.R,2202,2534ef6dfdf1904802816194e7061409affe10ead8d0109a4d3d0bcdbc3536ad
analysis/05_041_run_to_patient_mapping_run.ps1,195,79b1a911aef60a8ff482f716e07c801b9578807834afa2064d88a59e7ef339ab
analysis/05_042_eii_trajectory_final_integration.R,15462,628413edcec87740d1985269323b85a34935e678cf5b9dc70e09e0d820b6f9df
analysis/05_042_eii_trajectory_final_integration_run.ps1,204,ad4433234a821d8071d597cb731fcc6d88aa59c34a32f2b483f321c1f2b30a4d
analysis/05_043_forced_run_bridge.R,15494,d859c64b09d6e944f5f662add2315ff2b00454643146f31346a76428f7a5ca0c
analysis/05_043_forced_run_bridge_run.ps1,188,8e4eb72760d705c7fda3eb214703c28d5204773c547e94e03550ca34a894535f
analysis/05_044_eii_trajectory_integration.R,2838,52a0cee6e3040602824d95fcb9be529c89455cb40b4c9883eef4d79630cd1217
analysis/05_044_eii_trajectory_integration_run.ps1,199,fc87f1d7f205e9f1ad56848b1377080efeab2c544c7bcfdd60314c053a45a404
analysis/05_045_fix_patient_id_type.R,2068,657e4c0d4172c28d7ed8c289d990eb80d6a5f3695b2251e2c9ddb9501b720a87
analysis/05_045_fix_patient_id_type_run.ps1,192,ffd4aaf0d2357f89672df292cfa5e76542f851de0d07357f3b2649f2993ce2b9
analysis/05_046_trajectory_ecology_robustness.R,17013,a297c90ea0f7f2aebdd6143ef522a65ab4c14571a2c77ade01b2e18c61c2b7e4
analysis/05_046_trajectory_ecology_robustness_run.ps1,200,5b4af4e033c3063766c84778a0be646a851d83b79dd1d6100aade3ba25a5ac89
analysis/05_047_cross_cohort_trajectory_polarity_robust.R,18069,4c64797e4a2b7625ffda451603e45d73777d1a6e29120f3f3d65a0e52de1117d
analysis/05_047_cross_cohort_trajectory_polarity_robust_run.ps1,210,cb9d8e50a718cde895bfc712b5bc395c0ef545bb2eb9cfb278a14c18fb8f0c20
analysis/05_048_step88b_estimand_reconciliation.R,15243,d69e33218fde53de3f7df5992f264d14edc4080e82189b9d8b142bb08cff7791
analysis/05_048_step88b_estimand_reconciliation_run.ps1,202,126888950a3d84f13e7be6a06ced7bfdff9a9331376922f414f4dc1f307b83fd
analysis/05_049_cross_cohort_trajectory_polarity.R,16147,46cfaa2c80d435843c78f6843f68982c48bf028fd7483e032b7a73513ff4893e
analysis/05_049_cross_cohort_trajectory_polarity_run.ps1,203,9a5643ecc4a00d022834ad7acd8e06f8a7fcd9dae9e321eb71be27160f54dd3d
analysis/05_050_longitudinal_evidence_freeze.R,17717,865cefea7cd75e4fa3788f36fa6b90a7b457814772824dc8893089c812d67d07
analysis/05_050_longitudinal_evidence_freeze_run.ps1,199,d3168522dbdb2313f130543c613859e37451de564da8bd03b3ab03b7740a1c04
analysis/06_001_infection_source_excel_semantic_audit.R,23629,08c4052d73bfa0323db45656defd64c8d77c1d383f47405a8e36bfe418caf404
analysis/06_001_infection_source_excel_semantic_audit_run.ps1,208,0b6f5c5a230bc7efe1a0d87fa2c2876b72f18e9f60d9061ef0c4077008e47da9
analysis/06_002_master_infection_source_project_resolution.R,16994,fd88f171af31c54be703fc6d9f4841ca8e8f0fa30ca9cb652050bb8f5aef8722
analysis/06_002_master_infection_source_project_resolution_run.ps1,213,8740ccee9eb08e805969508ec14ca1e7f288b4f956a7a6517aa8b772ed383bc5
analysis/06_003_cra002354_rescue_and_readiness_audit.R,19908,08322f87b11f8121ce8efb1795640203a6f59fddcd3b47f29817a824e433634b
analysis/06_003_cra002354_rescue_and_readiness_audit_run.ps1,207,88ccc498a7d4e3865d56957ba2610b9033515d58179ed0ec13b662be7236e478
analysis/06_004_infection_source_feasibility_audit.R,19880,fe579087dbcc17fb454c3f44b6685abe63585f59ae130834b634f30235ef33d9
analysis/06_004_infection_source_feasibility_audit_run.ps1,205,99ec29018584c5eae0e1cb5c301617027f9128552672ba115d219aa1d3960458
analysis/06_005_cra002354_fasta_otu97_silva1382.R,24690,03db0769bf121cdc18fd614b12bcb475f685d871e915af08dcb9f05426353c4d
analysis/06_005_cra002354_fasta_otu97_silva1382_run.ps1,491,6a724c98508259a556c08d317cd51a00985a0579ada2f809896a39e9a5da8e9b
analysis/06_006_cra002354_ambiguity_resolution_otu97.R,23257,7a7168d85aaa631563a5e9d91ee13aa166b6306e9b40fe5f6c69cc5381dc9e93
analysis/06_006_cra002354_ambiguity_resolution_otu97_run.ps1,207,34c953916386db0978c3b0ade98578189240a3b524f9684b1ce4c07f79b00d11
analysis/06_007_cra002354_fasta_write_fix_and_otu97_resume.R,22196,33e44a7897f0d685c9a1c6486daccceff5234a3d95a298bdaed93b06fb69776b
analysis/06_007_cra002354_fasta_write_fix_and_otu97_resume_run.ps1,213,45e49d05ff379723af757f04edc6766ea7028a555a9c59a6a5e7988066db2117
analysis/06_008_cra002354_nonchimeric_otu_table_and_rarefaction_fix.R,18264,10282c9f6c129031398ff0dadd0fa8052d0a3f31f3698a7b0a2e888919a05f4b
analysis/06_008_cra002354_nonchimeric_otu_table_and_rarefaction_fix_run.ps1,222,b0f0032c2c82d36563adc28c3cb33953d70c3963fbdf5be47ca29630f412efc6
analysis/06_009_cra002354_taxonomy_id_repair.R,8266,d3db37cf9decaf9d5bd3ddfb4badcb984788e02c75ea84ab6d55ff056a5d40ec
analysis/06_009_cra002354_taxonomy_id_repair_run.ps1,198,be9b11792ef7a06837b34b01fe5b8adc3f5779e13c231f6ab1c38966793f7afb
analysis/06_010_cra002354_formal_source_longitudinal_analysis.R,23421,34e1e1e3ea8fd339f451f03067c1db89002961889eb7eb08c473a5752a54fbcd
analysis/06_010_cra002354_formal_source_longitudinal_analysis_run.ps1,216,e18041cdbe01fee08005cebd2ce65877505b9d1f738e10dc35d7fbddcaf06ec2
analysis/06_011_94b2a2_cra002354_source_model_specification_freeze.R,14866,57007246389e27feb355e9904b66122628306dec2c66934c839719560f4efa4b
analysis/06_011_94b2a2_cra002354_source_model_specification_freeze_run.ps1,221,0bce944676022ca2e8f6635cd7aa207b0cd2230ac8dcb99d2a7fec76af312594
analysis/06_012_94b2a3_source_model_spec_qc_fix.R,5841,710aaa68844b30b0b467e74b19aa2085d484c3e44dd02216c08608f73e833bfe
analysis/06_012_94b2a3_source_model_spec_qc_fix_run.ps1,202,2cfaa66da8722e3f0ba8749b6b3bbb9becae30c3dcfcf923f178353100bae7f5
analysis/06_013_cra002354_source_model_design_prep.R,9785,a402b52fcbb68071cb4bbda6114b8351474b559d221a887ddafb62ca4f0e824c
analysis/06_013_cra002354_source_model_design_prep_run.ps1,205,571e69a6aa1140333036013b20b8ae28992d848a03905be3c61f46128230046a
analysis/06_014_cra002354_corrected_formal_source_longitudinal_analysis.R,23864,a4ef448ad5577f7b75f810c393e8d3a414fce93c9bd2803b71c2aff5c24a13e8
analysis/06_014_cra002354_corrected_formal_source_longitudinal_analysis_run.ps1,225,880fde279bd2640973f45de59fd7078e9a70fa7c3a594042d1463577cce9d8d3
analysis/06_015_cra002354_final_source_longitudinal_analysis_and_freeze.R,36565,6047bd6d82ed8446ebbb53b1f734e8a40fb0e762226219e2ae5438883530f936
analysis/06_015_cra002354_final_source_longitudinal_analysis_and_freeze_run.ps1,225,ccc6afb1d186c10a97df38e681548b40c4bcd5abedd2a69de6bf77396798be34
analysis/06_016_infection_source_evidence_freeze.R,14499,309100d23231303cbc65a1c6d415a9453d681208602cf24d66cb1e2126547474
analysis/06_016_infection_source_evidence_freeze_run.ps1,202,12b7a6dbfbb69d429819b3ee4ff82013160971d425170ff40ec8847670fe2bc9
analysis/06_017_cra002354_exploratory_genus_source_analysis.R,25943,64b750ba0224753ffb8d7b13804d91148a2b7c6b8d3ba9d21fd767adf372a4cd
analysis/06_017_cra002354_exploratory_genus_source_analysis_run.ps1,213,9da7446d4c695cd1621d899d77f59ac7f4a5da637db50ea38f74cb6412ae61a1
analysis/06_018_cra002354_genus_coverage_robustness.R,17081,1dd65f2f6efbd8a5b5f01c2ccbdb7b49033cd1505fbe7e87ee3a80d3fa3b5858
analysis/06_018_cra002354_genus_coverage_robustness_run.ps1,205,abfaf8a1d14ecc86dba112c1f268a94fbefab6e5e1c884e1abfba63c400198bc
analysis/06_019_cra002354_genus_evidence_freeze.R,12120,f4613daf59d5bd9d89e03cbb54c7cb3bd24608b100da412331efcc91c540f54e
analysis/06_019_cra002354_genus_evidence_freeze_run.ps1,201,122869c8356635762cd6f77136da8dd035fb352790c77faf54f01fc8ba752854
analysis/06_020_check_and_rerun_exploratory_genus_source_utility.ps1,3696,8ab5c62b265f3dc021412033cc65305cde71575f9123d2cc908ef9d008419513
analysis/06_021_check_fasta_otu_resume_status_utility.ps1,7333,1b9431c53c62389b2f33a3318e644c1b358b3f921eb41a6a85fbc223b4590748
analysis/07_001_prjna1010969_complete_group_validation.R,25346,f981c1097d083288593ff3c0d617adb3fd7a38fe6090afb5a7677ebaeff8baad
analysis/07_001_prjna1010969_complete_group_validation_run.ps1,209,81e545f96eb496c9253a9332bf2912178b8b0c062a92f42e8c5ba9f4d4934f6d
analysis/07_002_external_specificity_robustness.R,20107,0141d860b06725317b794e501a00eadf942ccb0b30f27c731751da4f4e30350d
analysis/07_002_external_specificity_robustness_run.ps1,202,a6d0250e9ebb2a34b7804b467f45ff1e695461d1f7e6470e698a1c93744b1551
analysis/07_003_external_validation_evidence_freeze.R,20067,cda522712dcfca1617cbadee22917236933b56204a555a32729261648e56862f
analysis/07_003_external_validation_evidence_freeze_run.ps1,206,4f9486c93c5145fbd8520912496933fe508f2797b8e86ce814f49633279bdb77
analysis/07_004_prjna1010969_external_state_validation.R,24586,30cb5d3b1c09864785bed6fb14dec11f5922200058113ce6da402abe98edb97a
analysis/07_004_prjna1010969_external_state_validation_run.ps1,209,e62a6e96728d141e73c96f3736619575dffd5970b7939e329ebceb7771a67739
analysis/07_005_aitchison_longitudinal_robustness.R,34959,bb5e31fc92dbc663d5fac374cad409406132425f11bfda42e55bfd8373fd1501
analysis/07_006_longitudinal_random_effects_meta_analysis.R,11852,24572d0c76ad91d8d6c60c6013f10378d0b1432fa2fc44b792c3d35c0fec3513
analysis/07_007_prjna1125274_metadata_and_run_freeze.R,16840,e6917f5d5e7d34761bda00a6e54273f14777364f5d15602ff92ec41fa50eaecb
analysis/07_008_prjna1125274_sequence_processing_single_end.R,7553,269447d553b8e06cb6292ded8c6efacb23cf2bb75a7e2e7cd138dfa72ddbae27
analysis/07_009_backfill_taxonomy.R,1879,a8c3ab3993baaea40aad0d3c0485f47bc58f4f6d0676e5b20e66d82fb4415da6
analysis/07_010_prjna1125274_sequence_processing.R,10303,617a93659b8a0ac8bdd50b276620efe307e920a78a40951129cd62638418a1f7
analysis/07_011_prjna1125274_external_validation.R,11135,908b3a1bfec6b5c24c8d780eb8fedd042bd93150576dfe575c591353ade6f755
analysis/07_012_upgrade_evidence_freeze.R,9021,95f0638c00df2c604f238fee80f277bb28ad34a018aec5b01127d19de978ae19
analysis/07_013_prjna1125274_verify_primary_statistics.R,5643,540121105439ffd8ff7d8b50061720d0fb86f113a4a23c9776d7b6b4812206c3
analysis/07_014_prjna1125274_orphan_exclusion_sensitivity.R,2690,6b9896125a6b7ee03d644ced187409349c72c766d28d830dd70945813a308cd4
analysis/07_015_prjna1125274_write_reconciliation_report.py,20739,bde6e0cb92ad093262cfb065a02993f0ea7ed41a55c0fbdbe89f9eb16fa4efdd
analysis/07_016_prjna1125274_patient_reconciliation.py,22732,0b174e46fc08968b6630439b6773a6523753c2dc6168c8412a258c9fbabebb06
analysis/07_017_prjna1125274_final_governance_freeze.R,42968,df47b1e88934cec725d20cdb71b5fb4264ac9c01c6c04ee1b198ace87b41d40c
analysis/07_018_czm_5_2_diagnostics.R,5150,76ac02baacb35117abddd4a5033169064074b9de855972bab4f9586128de0515
analysis/07_019_finalize_remaining_validation.R,20105,5a8b75cf519ba1c27a99559a0760d9cd60bbf7497f69bee06469b4b4e3d2de92
analysis/07_020_remaining_validation_no_fastq.R,31639,91073d07ecf8de70f57a9fa980d77aeef15d09163cf7e45116fd31fb2883042d
analysis/09_001_global_evidence_synthesis_source_anchor_fix.R,20827,d2ee21d4f46f0afb422b1d8d81825c3109eff4ff6b3bc657d26022b75bdc78ba
analysis/09_001_global_evidence_synthesis_source_anchor_fix_run.ps1,213,3f6e06252ef246d38f1d5256edb38a283b3e1feb4b0586857b6b27fffe27dc83
analysis/09_002_global_evidence_synthesis_and_manuscript_map.R,13833,dfd66459f0288ee342b2a56ca0e784bd2574b9441c6a1ce5245eee62cfc1b26d
analysis/09_002_global_evidence_synthesis_and_manuscript_map_run.ps1,214,03e327aa1f42b68938622cd0cfd720512be0cea47ad5db4be5f4a270f9206f1f
analysis/09_003_manuscript_source_pack_assembly.R,14873,2047d4a554f8f099416460896b34a55417bdfc2012eeddd51a475d3273476ee8
analysis/09_003_manuscript_source_pack_assembly_run.ps1,201,da8446895e6848ebb90467439bf476fa7c7abecf4a624a168c03a4284c30ce08
analysis/09_004_manuscript_architecture_figure1_and_main_tables.R,15663,9312711b9b98d70af2f78efd08de64578c1015f7b293356530836c0cd03062c3
analysis/09_004_manuscript_architecture_figure1_and_main_tables_run.ps1,217,45b64077e177a3cda2dd6bab49dc7da31d7bc20344f118b8a91c12c5356f142f
analysis/09_005_publication_figures_sourcepack_only.R,31794,0381d1fc0a54e59f43a1a4b8aef477f6526a34fe9d4862d706948ebf010ebf98
analysis/09_005_publication_figures_sourcepack_only_run.ps1,750,2c7a03f5c2f0e6e70a9ec690ec596f42d3061f81fea826396785f37039d2c998
analysis/09_006_final_figure_formatting_fix.R,13280,e0096a31e1cb834d3e9178e042de35afba29131924789ad2dcf7ef99953ab6a5
analysis/09_006_final_figure_formatting_fix_run.ps1,197,17be5d2cbe589d801ae11664ffe914336d0b3a512349dd83a66f2975f11d6cd5
analysis/09_007_publication_ready_figures_and_table_placement.R,26108,c8ee1cd071ffeb74553a079fca7861a4fbfdd06eb1cfe7f67c307a1d453599e0
analysis/09_007_publication_ready_figures_and_table_placement_run.ps1,215,d6d29c41215c99034c10990c751a9b3311f40138e2a7b90a3d7b982d226bf38a
analysis/09_008_table1_analysis_population_fix_and_results.R,30768,428ad2d4c28bde78ebdfb9856e15c6381e1a94b89d7236fbe405fb535a692ad7
analysis/09_008_table1_analysis_population_fix_and_results_run.ps1,727,3a17d45de3b2254dbca02084f23fa04ac7ac565e0c143e1d9152dbb4555f5aa0
analysis/09_009_table1_and_results_draft.R,30729,a144d469ed8e872519e20353d33870613e0359601e330244571af5cec68721f0
analysis/09_009_table1_and_results_draft_run.ps1,684,e82396f371112610fd675ac68498a8c4d085d8fd4d59b0399a5bb80a3347f8de
analysis/09_010_results_and_table1_final_freeze.R,8947,27f52410343ddb8400eb1f86a8db52ac37f6971dca30558b2be1a92cbd7a0959
analysis/09_010_results_and_table1_final_freeze_run.ps1,702,1d2cf4b4b3c65d0e07c86ef48e031ec8151f70f7ee5f0f028fcb6513417b50f2
analysis/09_011_results_and_table1_final_freeze_sentence_audit.R,10153,5fcd30c6d0f03d98fc16e1e483a39e98eee9d3b60a2785394a7ddaa54d0742f8
analysis/09_011_results_and_table1_final_freeze_sentence_audit_run.ps1,732,31ad3d5bdd12c6997021d166abf235020ad4a85b21d4c8cc39f706b771f1c853
analysis/09_012_results_polish_and_table1_manuscript_freeze.R,20258,bb11db672b29ca5c1a3540e6133a8eba57689f086fdb60f539b814898e9bc212
analysis/09_012_results_polish_and_table1_manuscript_freeze_run.ps1,663,1eee50a0f7c786aea6d0d386625bd44abb95b14ee7959887e44817cf369d2847
analysis/09_013_supplementary_tables_and_discussion_v1.R,28153,28dde675f00709a5d21cb31d11b30f1edd5d19dfe85d064f1ab6499c3437d9f3
analysis/09_013_supplementary_tables_and_discussion_v1_run.ps1,712,dc36c9a799d33b64eded2a0b4c095e7adf47cfdfacdf33eae7a8154d1f8748fc
analysis/09_014_results_integration.R,8410,981625a14477056aca1b25085fb2c52556e54afdba4f01781e7a149246bf50e8
analysis/09_014_results_integration_run.ps1,1537,b1348d7fdd2abcc1985ea71fce6c37a2c167ddd145948665676f1861626b0a3c
analysis/09_015_discussion_integration.R,8176,ec944bbe2fc337bcaa8b65c706b3a4bd9c26797ae677880f8087d2680040daeb
analysis/09_015_discussion_integration_run.ps1,1852,a9305842744ddf89a4f6b91885479a9a30bb0fdc7ce866c04c295f1eae89c172
analysis/09_016_methods_source_verification_audit.R,11785,235bb4045b723898752e5d66aead64e4675a51c18c1bae6e876995d4ab6534b0
analysis/09_016_methods_source_verification_audit_run.ps1,1843,224651e5833a7501309a03c6af679e2f50b5cfdbe8cbb77cd7ba103bd2b40b7d
analysis/09_017_methods_manuscriptization_verified.R,10933,0b35e0f4c3ebfa778d4174120efe4b45544a8655db5f0209e5d031d424521b29
analysis/09_017_methods_manuscriptization_verified_run.ps1,1627,054ed03e6e9d29ed29135b735da3e4d273e290e26f0a31093070d913a0e91945
analysis/09_018_methods_final_manuscript_polish.R,8817,7db52a64bec2f675d0c9f4eccec932cda5f100dc737bda4e0c2e5eec68cc2316
analysis/09_018_methods_final_manuscript_polish_run.ps1,1620,fdacb15f4cd464f0800fb7bb3060b9605ba90f96b112231809f44e18cda75606
analysis/09_019_methods_manuscriptization.R,16388,98396aeb4e3e91f710ff5cfce6429e437386dff6ef3cad04741bef1f877e904e
analysis/09_019_methods_manuscriptization_run.ps1,1663,ddb420a8d5f62c7e0a813c616a7119616018d07d0bd3df0ca28818eb9d7f20aa
analysis/09_020_figure3d_cross_cohort_reproducibility_final.R,10613,038e232623e8c2ec7f82c842a69ca359e725eca0f4d03c90c3647a92056e1656
analysis/09_020_figure3d_cross_cohort_reproducibility_final_run.ps1,1817,923b1649ad6f9b8e5e92f55e8ba1fbe1f77b1f8c54f3a95cda7fefa047c6e3b0
analysis/09_021_manuscript_core_assembly_and_gap_audit.R,10916,93edc605288f7d8ca20495a7baea81243b6eab654ef7a69625afdff1c66922fa
analysis/09_021_manuscript_core_assembly_and_gap_audit_run.ps1,1725,43050d819acbdec3033b89cf93e0a0a60b508232a96869412deb687add25eaac
analysis/09_022_discussion_reference_resolution.R,6712,22dd12240cecb3cb5a3661c76454039ed727caa9f8fc69c144e9a599efff9708
analysis/09_022_discussion_reference_resolution_run.ps1,1952,3b0578214f2a3207111c35843206bb0d7eb726cb8cbbe3ff02156faa3fd97f00
analysis/09_023_introduction_integration.R,11023,6ff454ba98b5f495c40adc180bfdb5f73eb099df8dfb8f0b3b129cc21a9fb256
analysis/09_023_introduction_integration_run.ps1,1869,631a4c07c5d2736a7526509089f40f83b6bd0beb099c4074ca532cf0fede87e3
analysis/09_024_reference_format_polish.R,6200,5b2e5d709184751025d6c333c92a396fde38f7c943441f3ef7c576786dab47e9
analysis/09_024_reference_format_polish_run.ps1,1618,df2f4e071d3af133bf1766007e211bb39986333ee361d6d2c8a4c5a6f48905f1
analysis/09_025_final_reference_numbering.R,9803,4a6001c36c0ad3d306b3958d8f2ca951db54b2dd980f3a1446d43240b98f5f0f
analysis/09_025_final_reference_numbering_run.ps1,1662,c39e9d24fcf94a4d95901bc436d8c3a63c845541f37fada448105dd05d5dc0b4
analysis/09_026_final_manuscript_text_and_audit_corrected.R,21033,759041a493f95233b3c5f1edd085b3d64f674e0441b36fd891df5231421322d1
analysis/09_026_final_manuscript_text_and_audit_corrected_run.ps1,1869,d736efd809dbb816fb50dca3d235fa63f2090dc8604d21ca27fc5677cfb57993
analysis/09_027_final_manuscript_text_and_audit_corrected2.R,21924,ac1fd7e44bf89ccfdae4068092c4322c574b35d433079a7702be0a53cac2cc9d
analysis/09_027_final_manuscript_text_and_audit_corrected2_run.ps1,1799,a88236ec9fb54016f07083940bdaf1a859c06a27d7089abda6ddf6d9f2b3f09d
analysis/09_028_final_manuscript_text_and_audit.R,19849,4c3413216a1879c8241b1e2b2771af3e7098abebec6b28deb1b3c1d598338f40
analysis/09_028_final_manuscript_text_and_audit_run.ps1,1760,1cfde64cfcf8113db0dbcd6f987ef6675a34d8a4475ed631511332f9cca76acd
analysis/09_029_export_submission_bundle.ps1,1757,5d3e78b46cc007aa5c7623f8e15142785f8ee8e2ffae05f145c1ababdfa68cf4
analysis/09_030_stage_figure3_assets_revision_02_utility.ps1,4280,965b950fb83632708ee0b01567bbdc98ce0c21e79d4658296aeafdac8184fa94
analysis/09_031_stage_self_contained_figure3_assets_utility.ps1,4907,4452560737a34c66edc23744bfb7a98c09f4a5e1e0acffe966ebb4bcfed300f9
analysis/09_032_stage_figure3_assets_utility.ps1,2803,2441f07dfd8b83d63dd3a396dd8f03ae3b4c87bad0c41b288396c808ef73181d
analysis/11_001_get_vsearch_2_31_0_utility.ps1,941,a311d3bbe7db2e7d42051c517ec4e07fa97842a19ce5bed45853c4d9d3c8956e
analysis/99_DIRECTION_UPGRADE/B00_FIXED_SECONDARY_ANALYSIS_SPECIFICATION.md,6071,7ffe0fc06babed75ab09e7fcf18648a0e76916b8bc84237afc59f6f824d0adda
analysis/99_DIRECTION_UPGRADE/README.md,2483,51e736e488757bda0cf5806e37284a92eb55c9394ef419edcebf60f63b518c6b
analysis/direction_analysis/08_001_download_and_inspect_supplement.py,21005,68b1eae8e275431b80e433b8154d3b79cfee7e7efb0eac164f81f92abba935d6
analysis/direction_analysis/08_002_direction_feasibility_audit.R,36090,e627e69f67d3b9c075dea86aef5ccbaf4c894c8ae04586e98fb7cde01cab7249
analysis/direction_analysis/08_003_finalize_feasibility.py,15354,106033b20d882054120649d9a5bc2a7ba989d8d03f6e109b379ca6a186460420
analysis/direction_analysis/08_004_compare_reproduction.py,2576,85329d5611c88dc25ecf7e4a312277bc2504a5094bd902ed71d91645e3788fe4
analysis/direction_analysis/08_005_initialize.py,4563,2caf17a94dbd2037ccb4afd7eec66bb48f123bb2e629bd4ff8aa00e478ae0206
analysis/direction_analysis/08_006_direction_analysis.R,40287,df634d629881016bf4a42301bc4521bf5363f3b5efce3807932a3c009b24077f
analysis/direction_analysis/08_007_finalize.py,26910,6d34a4ea99267d6c31dce76124c5ee826e8d1e0000e8534361370b08a8489f97
analysis/direction_analysis/08_008_compare_reproduction.py,2492,90aeeb374758a8a171154e128b97035219758f060861efe0f9fd1fc6aaa87562
analysis/direction_analysis/08_009_audit_submission_placeholders.py,3738,b74b4ea3c9d867988f2da86941a7755d385cd2a61433c8c33808b811c29f0418
analysis/direction_analysis/08_010_citation_audit.py,8934,a3cd716262083ebbe890a262900a2d191785b3b4b3b0b87e99e0d6c88e27ad82
analysis/direction_analysis/08_101_run_feasibility_workflow.ps1,2400,2222722f3a3d179261adf16ff9fab4a56c2a085b9129ef9f68e278435ed8383d
analysis/direction_analysis/08_102_run_direction_workflow.ps1,1706,78708ab8cea1426912ae6e5447832a7f052417ababd13c0dcd6c44edc18d4c76
analysis/final_figures/10_001_rebuild_submission_figures.R,28081,59821a43d93bc9d10baec1d6a23d4d75dd8ac40a3da81fe27814d87c2dd11a27
analysis/final_figures/10_002_generate_figure_legends.R,13898,c70cd6d1936ef5ea20d9aa02f4fc8b0e0bbda87ab6a6515ba992f29062c382b0
analysis/final_figures/10_003_assemble_supplementary_pdf.py,6747,8424d3735b1d18a5f47471604341ca4afc5f2b147213a95a32dd3b93e6290b6a
analysis/final_figures/10_004_figure_display_settings.R,18455,401849a4cf814b7461ae57a184eaaaa6f095a236296c8c0b8cdcb523935ff5ca
CITATION.cff,719,8d0353169d005a5ae9e7de89849568b37a870d40de49aaa8d4dc3f6b95516b4f
CODE_AVAILABILITY.md,3996,58e36935c695e4b66cff5cbb53780f93045969bc5ed52efb1d882299cd0d8e4b
docs/CODE_FILENAME_MAP.csv,76453,3ae0d46b05c67e96757bfa88f14fffc49644440c8e78f29529012033111e57b1
docs/CODE_STATIC_QA_20260904.csv,713,cf8edc39913a8c78a87657d3bb06118e571fc55617f3c4c3b5b45943af6500d2
docs/DATA_ACCESS.md,2093,36d3ab4426dd1784287bcf0ec674711ee51ffcc71c75ae1603b608145261402a
docs/DIRECTION_ANALYSIS_RUN_ORDER.md,861,42d78b76df1721014e97346d79114d1e6b883858c5b65f84c42c84dd4c64cd37
docs/ENVIRONMENT.md,1343,aa0a392b5a617f60c22253a87161e6fba76d498b614acdd9d83b63bf6a7680ff
docs/FINAL_FIGURE_INPUT_MANIFEST.csv,2727,30d250499c6f28411cd4dc4cc47ac6cb086ce50b598f7c06213767551bede63d
docs/FINAL_FIGURE_PIPELINE.md,3579,febbfae70f46f0158161c6422e278de7a05f4b9055c512303ecfbc705e184352
docs/LEGACY_RUN_ORDER.csv,6681,2db779fe5f770f9bbd74f014688450d12a5e0bb4cc512236e358b1787dcd6949
docs/LICENSING.md,3235,a550d935178b0f8097b961536fb8ac01de56a4b50fa01d149a0fb7833fa0c0ce
docs/NAMING_MIGRATION.md,1877,7732eb35b9f6ee5cb1fe800e38c64699fbd6920d8bc5318c392082931a410cdd
docs/PROCESSED_INPUT_AVAILABILITY.md,2270,96bf5054291cd0ed59471127cb427c5de0e93f03007de4734e26d8963a704e9d
docs/REPRODUCIBILITY_NOTES_ZH.md,4113,ef6f466868f148e450b8445ec7c437a1b4c87bac036dc1b32833e5af30370c60
docs/RESULT_DIRECTORY_STATUS.csv,23773,01188297ed718f724ab2c3a7376c3d8875011a15cda5b26428cd3d7cbbd8a09f
docs/RUN_ORDER.csv,93599,27d9bebdabdb04a20207ea41ec758654e95ad1df6eca52223ca13081195fc326
docs/SELECTED_STATISTICS_REPRODUCTION.md,2675,b5bc7a1bb0e4b3c573be1455680c64e2e1c94971d321019389a3fe6651283a97
docs/SUBMISSION_READINESS_CHECKLIST_20260904.md,4145,bb4e9393741bf0fbc7f690e3b1ac2bcb3cbaa35a21b90dc72e9a90af12a3ce41
evidence/additional_file_comparison.csv,8195,992931dc2a12cd412ee5e794c4d0af0ad494883c3a644ffe463fb7aa4501cf7f
evidence/corrective_rerun_step_summary.csv,1600,1df2fbcf9605f9b1793138180d7bcc44775e0ca90473f40143e1ccb40b0eda57
evidence/DIRECTION_ANALYSIS_20260913/B04_primary_cohort_effects.csv,1694,dd2c7dba00e1f0bfd1451c0fcc6b9146157ec2fc8f6a1e4cfd654aa1cbacb280
evidence/DIRECTION_ANALYSIS_20260913/B05_natural_history_meta_analysis.csv,2761,bf75ec5fdf38d628503d94335e8a8d0b528cb05526d98acb60ef0e45ff104ddf
evidence/DIRECTION_ANALYSIS_20260913/B06_primary_holm_family.csv,396,8a37bcfe425c32c84d46b12d1079b9046904ff781fd4058bf4a06f27062fae4f
evidence/DIRECTION_ANALYSIS_20260913/B09_PRJNA851469_healthy_reference_paired_result.csv,837,2660f7a6a03983525294844281f66552fcfb3b172d32950f417667630e9bf101
evidence/DIRECTION_ANALYSIS_20260913/B17_quality_control_checks.csv,1735,0d244a62c2bb0415a35b8ee81e5568824635bf613e19138263e6fae591c9b900
evidence/DIRECTION_ANALYSIS_20260913/B18_statistical_validation_report.md,3150,a2ea852eddbc22a36ed6b455ff72333ad2e02a947493e632209e0058e7d0f1be
evidence/FINAL_FIGURE_REPRODUCTION_20261004/FIGURE_COMPARISON.csv,2918,3a5098aaecc2850b1f0e86c881f2e5bd4a868a175bc41ec18b844517d5c40519
evidence/FINAL_FIGURE_REPRODUCTION_20261004/PDF_RENDER_COMPARISON.json,1800,6fca684e883133bb782d12a6059901bd452ceb1728588888bc8618e3681b54d5
evidence/FINAL_FIGURE_REPRODUCTION_20261004/SAFETY_TESTS.log,740,a9f3041b0798897294cdd2a3225688a383d4e23d7ff2f4736342e84c831b6f45
evidence/FINAL_FIGURE_REPRODUCTION_20261004/VERIFICATION_SUMMARY.json,410,e780e56ca4a1b12a7e6bf98c7186bd35ffa7c92c141de2759b52891d6138833e
evidence/FINALIZATION_20260915/B14_forest_plot_source.csv,475,69dff21350265762cda3baacb544d199322c811995ef5842790753ad9792b607
evidence/FINALIZATION_20260915/balance_holm_family.csv,123,6e11837ff7b0eb91d3938054116d930c61ebc282a5a564a65458054894ac0a85
evidence/FINALIZATION_20260915/balance_meta_analysis.csv,224,631caccdd892c044f3b95123fa4b5c6b781c68a4cbfb3c003326c5ea578c48cf
evidence/FINALIZATION_20260915/direction_balance_statistics.csv,1072,4933e1313f7154b1039e4c3f20f30e9e39ea25b60e8c79fa3d6a9d8f1fd8c3d1
evidence/FINALIZATION_20260915/external_distance_statistics.csv,1214,e33bf832997891d540b20daf27ba6c14464151c7cb6339f2609fbb034b0833dd
evidence/FINALIZATION_20260915/healthy_reference_ordinary_statistics.csv,404,86a7bb620bea4df15bf99c824a24d2e0d4162fbcc8fe7f8974be18bfb114ed46
evidence/FINALIZATION_20260915/portable_package_isolated_checks.csv,2281,69115c6d2571a4c89fd3190ca1f0d6d874fae4733af5a8945835d53062e71f6f
evidence/FINALIZATION_20260915/reproduction_checks.csv,10105,ae62caadd909b34295705521d927133b34e47aa41d3b1005ce4603aab8d30cb9
evidence/FINALIZATION_20260915/session_info_and_scope.txt,606,ca9efe48ffe3816f134c93dc6cb65d3cf433762b81095954d624a93e9bce2989
evidence/FINALIZATION_20260915/specimen_cohort_sensitivity_statistics.csv,4746,79124472c613e632e67a115d615ccf8597f72df65a9b5c10323b686a09cca298
evidence/FINALIZATION_20260915/SPECIMEN_CONSISTENCY_RESOLUTION.md,2108,589bb34040b4adc4e35644a03d89f029cb310e1f5594a6cd18ca68192d55d77e
evidence/FINALIZATION_20260915/specimen_meta_sensitivity_statistics.csv,1168,69aa5d83947025be1b69064c7f5865c7465a3373e2ef52b322a3fed0e755998b
evidence/FINALIZATION_20260915/specimen_sensitivity_session_info.txt,979,6953b674b8472d948ae096d48c0299c7e7dc36a6909778a8b1af07c599806b7f
evidence/NAMING_MIGRATION_20261004/FIGURE_BEFORE_AFTER_COMPARISON.csv,3142,b983b532fc95ded035c1be2216eb0c81f4940b40a7dcfffe4b18d63f62a9236a
evidence/NAMING_MIGRATION_20261004/MECHANICAL_CHANGE_AUDIT.json,93405,b4232dc37cabc8c84568fc29b079ef7ea23ec6b3817841c1f8254bd100b61051
evidence/NAMING_MIGRATION_20261004/NAMING_VERIFICATION_SUMMARY.json,826,ad59b2852dfbe13ed0569c9423435d25c4fc90a8cf18f5952ae1ebdfd1291604
evidence/NAMING_MIGRATION_20261004/PDF_RENDER_BEFORE_AFTER.json,1800,6fca684e883133bb782d12a6059901bd452ceb1728588888bc8618e3681b54d5
evidence/NAMING_MIGRATION_20261004/POWERSHELL_SYNTAX_QA.csv,10180,7cb52409b49e3930aadceda2bd6f36d5cb334df9a6f77c371060ec3f845e173c
evidence/NAMING_MIGRATION_20261004/R_SYNTAX_QA.csv,13112,5e0b32f675ac6aff31609bb869c7fcc5ab4b6ab2c2b4c61d41f2f49b8c596c82
evidence/NAMING_MIGRATION_20261004/UNIT_TESTS.log,1441,7678a23f2a10206de75dee70ca87c79f23859879afca3999e697903b4bd68081
evidence/normalized_reproduction_comparison.csv,17146,3b74940b34f964b61aee136734a341961fd916939ae4bf403a0ebc4e82eb2efa
evidence/pdf_render_comparison.csv,1833,a296ee28d527617294e4c312824f0212c9e5b5ffa0e19bc8c0494ce44fbfa747
evidence/PRJNA1125274_20260911/98I_R_sessionInfo.txt,1286,537fd4b26dce9721b6dbc90ae1e5f45858d8da67d82eed25fc81f3215f5bb386
evidence/PRJNA1125274_20260911/PRJNA1125274_ASV_filter_governance_resolution.md,1376,9826173eea866e14c329a4cd9869589844cc87d48145ce70b8c61f18dd8985ad
evidence/PRJNA1125274_20260911/PRJNA1125274_complete_case_selection_summary_and_tests.csv,1599,785692e00124bf0ade44f13f9b434bcaf73c7af11c39f2b43a9b94d64b7239c0
evidence/PRJNA1125274_20260911/PRJNA1125274_feature_taxonomy_QC.csv,1356,127669f478d9e4d127d3cfa759f9a67f0492331af82522c985a0f31468110286
evidence/PRJNA1125274_20260911/PRJNA1125274_frozen_numeric_reproducibility.csv,1175,0866bf926607781ce5c6488032dc2d87b82f4aa281984e1bd194952903043967
evidence/PRJNA1125274_20260911/PRJNA1125274_non_target_and_threshold_sensitivity.csv,9032,3cf7f5c373c3fe9381789492d9d5cfbf8e685c80a4eab3557afe24a15c2844a3
evidence/PRJNA1125274_20260911/PRJNA1125274_primary_assumption_checks.csv,366,eea965b0e17b15044b00ecf14a6dc8aaccfa9c2dc08743646fc99faefc3575e8
evidence/PRJNA1125274_20260911/PRJNA1125274_sensitivity_comparison_to_executed_primary.csv,13430,76f8aad48124e689705c437587c06cafa90d4f2b840ace135bd19183618122cc
evidence/PRJNA1125274_20260911/REMAINING_VALIDATION_CHECKLIST.csv,1703,73ed89ee83871655c6bab4d871b4fab07f9d5cfe68817b6136a151b78987c3bf
evidence/PRJNA1125274_20260911/REMAINING_VALIDATION_FINAL_REPORT.md,6308,cffc167414f17a7ebe5c34b862eac74044ac71ff2315035667a7020fe2e3c9f4
evidence/PRJNA1125274_20260911/STATISTICAL_VALIDATION_FALLACY_SCAN.csv,2241,8b640e2ae2830ad0200e23ebc2b7ce0759e9dbeadbb8c918c50cf050104ec9c9
evidence/PRJNA1125274_20260911/TAXONOMIC_CONCORDANCE_S1_PANEL_AUDIT.csv,3954,357b084f52f035651aa2c9f23631c1fc278478912ca42e47ec571abea9b7efb1
evidence/REPRODUCTION_REPORT_20260904.md,3825,fcb03824eeed01346aadbd7de75aa53e5bfcb12d834e3d9644c45dfd2e4b75c5
evidence/reproduction_step_summary.csv,2689,1a5d8cfde8e716768d12e0a700dac196b6b4088a09811f36c3be4d02a1a0a8e6
evidence/shadow_vs_frozen.csv,16430,982da5025e9b48ad08d9c6f80430782d1c0c1d6cdc3b383bcc3cc858b774c9a3
LICENSE,1066,a4d4d3ec0c3fdeb2abfa3f021a72d9be47bc414625edf57d0a38b49b4222c16f
MANIFEST_SHA256.csv,44459,290f91982369df76d672ca6c2c0727ee8a01d994334e67b75e15c0d5e03e8f4b
README.md,9820,f5a18a825c7613c31b950f05b8c58323ad4b56c25e69c25d0130b55994e30049
RELEASE_NOTES.md,4081,69ff364334486f69b2cb05b2a1e307ccbd7926ccb4e8630ab485bcaf55c9d5e6
requirements-figures.txt,109,3b8b5048db1cd143ba0e23df23447487ae81036635faaae917e2c04dbccc1a5b
START_HERE.md,3975,5e18105fa922b5ba713f3abcf05aedb4aaf71e950ea832d91220b2285a5d3379
tests/test_01_final_figure_runner.py,3090,b5f1538c1dc7455b9997152607ca0f86b0a0128c9870ee94eec40d1fefc42e08
tests/test_02_filename_inventory.py,2391,8d711d65e1cec8b313b2b3b5ac16614700fa05994b680013b16540738790c495
tools/01_reproduce_selected_statistics.R,7699,69fd37c5144d1be562323d1b6608581687ce0c0aef791fe345235bf20bbcd0bf
tools/02_reproduce_specimen_sensitivity.R,4969,c6f23e34f255d1438f6e48071083403d0501603a7610bef37628eff5dcf5278f
tools/03_render_direction_forest.R,1121,a036b373dbbf919455282a414fa06418a8933e863d3847f8a79fc9e2f86750a6
tools/04_reproduce_final_figures.py,4306,f0f9b0a400e5bf73922f82a9b7da89248d875b0e99780f906e75202348fa97c1
tools/05_run_prepared_terminal_chain.ps1,2937,e363a8aa32df8e686c3a85d26ad1db759068306b3b350abb905da7b55f1edb4c
