"RelativePath","Bytes","SHA256"
".gitattributes","138","290212CE2889FD325D9D635A81A22BEE910157E50D1294571DC1B2E914C0713E"
".gitignore","421","2CD6BCF03CD9BBD70D83D977563E474BEBEFF62ED62255ECAFB121A56BCA7F84"
"analysis/60_build_v2_project_inventory.ps1","10314","C6CA4D2C8E1959381F5FD8D6B04BFF7017592B198D09E4ABC1EFA8F416512CDE"
"analysis/61_profile_v2_metadata_V2.py","7732","52AC988D77661F4F8750E1384E5AEE089069F57422CA3A5F4BD554BB030560A8"
"analysis/61_profile_v2_metadata.py","12849","6294D059E690F6349BBC0D9CB95B12DA5D0A3D964BCC29D48C5E023DFDF612D4"
"analysis/63_fetch_v2_public_metadata.py","20583","E46501F7F760EE411319508AAF9D994AA7BC1751739E39CDA0E4B88474E50997"
"analysis/64_fetch_missing_public_resources.py","8963","C45274133EB92C8BAAF593F9FA2947A87CA9ABF98E5148654519AB130ABA6836"
"analysis/65_audit_v2_metadata_coverage.py","12577","5722DD7C30D5BA685364977C274B4891801454F25FCFDC0B9EF47D0EAC5554B5"
"analysis/65_audit_v2_metadata_coverage.R","11509","31F9D2463F919CFECF67883AB96C86CCF4B6DF3F6D236DDAB2AA5C67957652CA"
"analysis/66_build_sample_patient_time_map.R","21502","88AE347D7B37417A63F863BF3F8AD8FCE6FB188A520E49C8C66F19FB33271DC6"
"analysis/67_repair_and_adjudicate_v2_mapping.R","26414","215AC4840DF5013A17813EB7977BC3661D6CF0CC3D1B6839485F58705B73CECD"
"analysis/68_resolve_remaining_public_metadata.R","22317","56BE99499DE13511FD25F791EB07CD79E58F2E3844912B56E7A2D74A9B373632"
"analysis/69_final_public_metadata_rescue.R","24114","D9DD31D4025D2057C666814C6B7AA5FCF4D3237FE8DD2E2688E3B13259768856"
"analysis/70_finalize_PRJEB82425_PRJEB67798_mapping.R","25186","16E325A8A643644D4D5B8E9A9EAAF2BED86BAA9E80D7D65D7705F94ADDF20B9C"
"analysis/70B_finish_exact_metadata_mapping.R","5994","D047CE5D2079AAA0CF0B52473675BA8ED1C217275C0F9BEC7FD204296E37ABB8"
"analysis/71_classify_PRJEB82425_body_site_from_FASTQ.R","13588","240BA3B6D6A93466839CF6CA1E813678F400E03C8D887CEA3FCFFB0A1594793C"
"analysis/71B_finalize_PRJEB82425_body_site.R","11294","44FB2660B8078867E9DDA63AE3B2D0729158CD261BF990092ECBDBFDC4932107"
"analysis/72_build_v2_master_metadata.R","13628","AA82D61A7F2C7953E840C8DC0D154BDA63C0498D493DF02B6F45163166BB19E1"
"analysis/73_merge_legacy_into_v2_full_master.R","24528","89B1C35AD8465A38C47E06BDB0524198DAAAB0E0FB90432B8414FF1BEC625CD7"
"analysis/74_audit_v2_longitudinal_eligibility.R","14365","42A5EB498B17F6DC8DB248D82C2EDD467B0A301BA0242AE9D460F80013ECE2E9"
"analysis/75_triage_missing_v2_projects.R","18466","61CB288AF9CE84D2096E84CFAEB9CE2618AE4A9E754F6438B4385C3DBAFCA6B7"
"analysis/76_rescue_high_value_missing_cohorts.R","29065","1641B6985ACAFB032C5E0311EF3D94622B600408B98C80FA19DAA6A47221BB81"
"analysis/76B_continue_high_value_metadata_rescue.R","26671","4AE2B92012DD8CFF691B7127F71A90185AE0B5AD161D590A9AD430A794B633FF"
"analysis/76C_continue_high_value_metadata_rescue_FIXED.R","27937","6352A2619F089DEFCCFBABECEB856263CA4CFEDCD3A78F0D948302F66F4C06BC"
"analysis/76D_continue_high_value_metadata_rescue_FIXED.R","27944","00CBC89ED25AC00C9BB041FB895A12766E7B2F0A5DE697466AA26385148BA59E"
"analysis/77_finalize_68229_adjudicate_1125274.R","13538","40357D75F2172122D32592B0A91745AA55DF9E3B44C8EEEB6C57A5A5E4330F30"
"analysis/78A_rescue_PRJNA851469_CRA002354.R","12358","E678A958B4B0BA42E96EB969E8FE1A855F2FC5660CA47F1AE9855523D2B41CB0"
"analysis/78A2_robust_rescue_PRJNA851469_CRA002354.R","12621","6BC965C5AA8C370044AD329AE7411813C5A6C5E5780C22688D99508750402C22"
"analysis/79_parse_PRJNA851469_CRA002354_metadata_OFFLINE.R","18776","03BD7C887112DD876E0D6C3828D8617E32A4A487D49916CE9875724013A88235"
"analysis/80_finalize_CRA002354_PRJNA851469_metadata_OFFLINE.R","34058","87FEC52D339979CDFF5624E543824233ACF9400E542E9AC9F7940A3DA46DE936"
"analysis/80B_finalize_core_metadata_ROBUST_OFFLINE.R","10546","4C10D89FC34075B8A02A75C3BAE08B40D45177085768329DF7341506C3B583DA"
"analysis/80C_fix_CRA_clinical_and_map_runs_OFFLINE.R","13679","999A77314C2266602B6B1159AD85E0D6C6DC0F6BE0AE2AECE07DCB149A1DD4FF"
"analysis/80D_finalize_run_mapping_OFFLINE.R","15104","049EE1CCBDD905D593098EA745038F97E60CC12B23A608A4C19AAD82C2AE0ACC"
"analysis/80E_strict_final_technical_mapping_OFFLINE.R","13943","836FBD1F40CA5D344698C43642D411AF9AF838D3BC844ACDDDAFF3D24C10B1BB"
"analysis/80F_exact_final_mapping_OFFLINE.R","11018","9B7136FE47AD78AF4DAEC7AD72ECC1F7C522CE926B30C6DD92B1FC8B7DC4B0C1"
"analysis/81_build_FINAL_frozen_master_and_audit.R","29280","A5B3C1EA75E51CEFCC8FD06D249F34455788FD4C30E9626F357BDE40A7D6AD62"
"analysis/81B_build_FINAL_frozen_master_ROBUST.R","32195","7B308C4BAD01C56A89DF3808BBD400A4704A9EDCCE184397FC0A2FE42E70E994"
"analysis/81C_correct_FINAL_cohort_freeze.R","25125","F3DAFA7AB16064C968D30A464058AA2FABBC1AB754BA21D87B6787EF1124B15D"
"analysis/81D_repair_CRA_clinical_and_refreeze.R","30727","D361A6CCDA1296A7B1DE4FF0D3A36239E09E5635095DFA135863497275B9CE5D"
"analysis/82_audit_ASV_and_raw_sequence_readiness.R","18261","6531A598E12E57B25DCB35E04017E81F30B76BF16BE25F6F5A16FB4C316D4D8D"
"analysis/82B_validate_reusable_ASV_and_processing_routes.R","26563","E986B2780322E01893CF2E6C0C5C7E3F0F3B7B0FFF579CD243534092F6475095"
"analysis/82C_freeze_sequence_processing_routes.R","15802","0FD22C4858249156774905F3DE04504F4BDAC658A3ED6EA9713E7D80FAD69D00"
"analysis/83A_build_canonical_analysis_workspace.R","25930","06A80C02C744DA2556D84CD71C6B7E40F638B10A9AC80A55382297AF90308AB1"
"analysis/83B_audit_read_quality_primer_from_canonical_workspace.R","30193","E9F1939F11CC39358CE4965BB91577356A01619A527D5D2CCC6CD5A5216FB813"
"analysis/83C_freeze_platform_aware_DADA2_pilot_parameters.R","17092","A77703693D314C18ED27FFEF731A3E3639B696D2855EC3ED3EE790596F83DAAB"
"analysis/84A_run_5sample_DADA2_pilot.R","22533","71BCB0798B45E44354649607E0CB531433B55E7C830048DCB5C933D5262C3FE6"
"analysis/84A2_retry_PRJNA1166732_merge_overlap_diagnostic.R","15257","24F8603D0653D0DB01F44B31A4DE4135974B5F9E454B208D0182F86A914DB44D"
"analysis/84B_resume_parallel_manager.ps1","9601","63A3ACB01AA7C1A0FBC93F4317351E6E55CBFD4CCF157CE2E117D2EC6701FC1E"
"analysis/84B_run_full_cohort_DADA2.R","26669","7B84A1C2E6D324B354071237C91F31A5CDCA852976164D497EE4CE43D019ED05"
"analysis/84B3_PRJNA578267_samplewise_resume.R","9113","78B14135459B30FEE85BC5996D61CC39F9442A0FC728BF04C6CBA386CF636A30"
"analysis/84B4A_PRJNA578267_build_prechim_batched.R","10547","47B28A4C51A06796518492961E6B6DFA0551A890680C7097E572572E4626E5C6"
"analysis/84B4B_PRJNA578267_remove_chimera_minParent8.R","11130","352796D957BF67A9D653536A89156F2410AB80ABF08B2961EC53AA1D87482326"
"analysis/84C_finalize_PRJNA516701_and_close_paired_DADA2_batch.R","16666","A7CDC3DFADC6F93996D7A600E857B5D87E4E2E0D190080E11FAEA730B5742F2D"
"analysis/85A_assign_SILVA1382_taxonomy_to_selected_ASVs.R","20217","62DBCCDD5BCFB6E57A80C44D41B9DFAE98E42CC1F6B235430130F76EBC451F12"
"analysis/85A2_assign_SILVA1382_taxonomy_FIXED_MD5.R","23522","1791DAC70B46924537F0A3E5736F32EC70EAD2CCDC44598F5918FC44DCB784BA"
"analysis/85A3_assign_SILVA1382_taxonomy_ZENODO_FIXED.R","24168","931C93313F8DFC66B4A316DD2F4EBD9628372BC02592166B0F033AD3DBAA4E50"
"analysis/85B_taxonomy_QC_and_depth_audit.R","16252","D56A7B259AF049ECF1AE8ED370F104940AB9BE891E1F00439F8E7976F4CC4330"
"analysis/85B2_taxonomy_QC_and_depth_audit_FIXED.R","16602","DD2F4FCDBB8A706841A33181EF7F8BB3490E845765A9DEB766EA265271E6A8C0"
"analysis/85C_86A_freeze_taxonomy_filter_and_audit_longitudinal_depth.R","19664","2B4ADF571FAEE62678E5B2487B03BD3FFF5C6763F5AA2A7EF1DFF65B2236A294"
"analysis/86B_correct_depth_audit_and_freeze_min2000.R","18687","84B80B7EDC17D4F03B4FB2D5D5E35F71B5ABDE5A960241A4C58086A7BECF8784"
"analysis/87A_rebuild_full_analysis_metadata_and_replicate_audit.R","19529","25C1D55750CF90E61DD4D8805CEF31FEE854DA24E676540216F0A22E8078FA8B"
"analysis/87A2_rebuild_full_analysis_metadata_and_replicate_audit_FIXED.R","23133","E3DE9BF02583A76449C7AAF3501587CC786105EE9D7ABDC07DB794E02480E73A"
"analysis/87B_freeze_replicate_rule_and_build_analysis_objects.R","25861","8CD483055037419FE4027F73A8D3386621731440011F2FC437327A3AD800DDE3"
"analysis/88A_longitudinal_diversity_and_displacement.R","40234","F072C4A8AFEF6787474F24C3C1C68104CE3A987B303C69D11D0D99948F43AFE0"
"analysis/88A2_longitudinal_diversity_and_displacement_FIXED.R","42053","D311E4CE6D98D20CCECC52B675F065E53AA51287435373552029FD2BA4345396"
"analysis/88B_anchor_robustness_and_paired_contrasts.R","23433","86279F5B3042B01163169F9E44D3CC84CBEA1F0E2F745577C24699BCBE70466B"
"analysis/89A_taxonomic_paired_trajectory_screen.R","36117","863419076B4DEFC7625A9EC7DE270776607C55566B61C0183FB36D2AA0941782"
"analysis/89A2_taxonomic_paired_trajectory_screen_FIXED.R","36153","B2E42E46CA326DBDF0C7D178DEA3A5A2BF6002A74F58C49C2D3114EAAA51F048"
"analysis/89B_taxonomic_robustness_and_provenance.R","33541","CDCC9DDA810682DFB86E38F1C7E55E532AE6899612BF391ECEFB99D973E4A2BC"
"analysis/90A_ecological_robustness_and_shared_taxonomy.R","28924","9F66A412FC30710B06C7B4B64AFCBF85A4C6B67E9AE37BD17758C85086039EB0"
"analysis/90B_corrected_coherence_inference.R","17158","82C70C2974737933A95BC96501E3E4C243768EAA945895C0CFDC13BEBBEC5D44"
"analysis/91A_infection_source_feasibility_audit.R","19170","881E4891D83BC38591685BE26CD4048AEE30E58A1AFCF99BCF5D7FAC17BC6A6F"
"analysis/91B_infection_source_freeze_and_analysis.R","30634","9600036D52E5DC226569A985C8BAF516B1415FCAEACE32857A82B3F621CFE95E"
"analysis/91B2_infection_source_freeze_and_analysis_FIXED.R","30664","B50811C700433661D308DE6AF05A6D51AC0656C3954FC556384798822A462E81"
"analysis/91B3_infection_source_freeze_and_analysis_FIELD_COLLISION_FIXED.R","32873","AE1AB0D6D7448B2364C8412BBC9CF1D5EAD652783A25DB85690EA2C2D6C5A882"
"analysis/91B4_infection_source_freeze_and_analysis_ATTRITION_FIXED.R","37305","03512D389CD6D57EBCE977754ED0DDC7D781A75F15799BB089886BBC35DE1BC6"
"analysis/92A_EII_feasibility_audit.R","4485","C67B7CABE9E324C97D9EF54D8E4B1EDE0D33BE76E7862430043587BCC8C580F8"
"analysis/92B_EII_construction.R","5675","89622C12E1000025E910C02FD4A28A2F299DC75089BD87FCB3C4F8F5308AF813"
"analysis/92B2_EII_baseline_harmonization_fixed.R","5631","3F6123044EE5B985CCD042E78CD0C71EDA73F4006029B44FE8630E3AAAEF87EE"
"analysis/92C_EII_cross_cohort_validation.R","3028","B89722B3CA1ABB01FA24EB8D443C3C904988865D5A080FC2BFB0F9016F40285A"
"analysis/92D_EII_stability_comparison.R","3271","613D91D5CFFE5F5DCD6E4579C5D4DCBF8BAEBCC097FE7BAC5B7A2EE432DB439D"
"analysis/93A_taxonomic_heterogeneity_vs_EII.R","2161","0177A0C18837C4EF710342EC0E3C84B47597C3C473F3B4DA5A1EB2C393A25CFE"
"analysis/93B_taxonomic_trajectory_heterogeneity.R","1678","DD5E382B7EE32EDDBC568B7C1C941AE6288C3D52024AE6C55B8388182CC851E6"
"analysis/93C_taxonomic_divergence_vs_EII.R","1763","E480911B6CB9CB78900B1718BB1F25572B7E86E40314BF8EBE3CB0BA3401080F"
"analysis/93D_taxonomic_heterogeneity_index.R","1987","F5DEF258B12533AA13AA307BA949F2189C0552DD91102D8DE43005CB675B175D"
"analysis/93E_taxonomic_trajectory_divergence.R","1812","048842B708091603B96C480CF936A0FFE3F4CD16E1A8BA0DE903966394F51DAD"
"analysis/93F_taxonomic_heterogeneity_calculation.R","2445","156EDDA223EDAA443A731DFF85D35B9AACEA30BFC98639A0498EF3EF545C6ECD"
"analysis/93G_taxonomic_trajectory_divergence.R","2069","51051D52C0FEC637BAEDAF696C3F7714D8DF1924C63BF4DDA6378D482EFED6F3"
"analysis/93H_taxonomic_trajectory_distance.R","2326","3DF9771B8A21952F2F3173725A4FA06F553C1D63722F92D2D28A49AA83FA3674"
"analysis/93I_taxonomic_matrix_selection_fix.R","2056","2528DCE32650EAA765C92369271941AA37251822D956AB0C810120D89BE3CB14"
"analysis/93J_raw_abundance_matrix_discovery.R","2287","B720603F1A1AFFB4A6BEE8D935649B486ECAFFDC1D627A631B12204EECC6A495"
"analysis/93K_genus_matrix_validation.R","1897","F3547DE004667AA8F8E62D809610995A1625CDA91E05CCE7390C17D692CBA374"
"analysis/93L_taxonomic_trajectory_reconstruction.R","1126","C2A12309DAF9AF0D25E44DFB640C5F8A1DC7375E4CA7825042D0ACCA90DC5B3B"
"analysis/93M_download_metadata_from_NCBI.R","742","849976641D08B35FBB4516F28C49892DF8E3E2D67652B004CAB1E3554DC866AF"
"analysis/93N_sample_mapping_build.R","4243","535DC0D55DC033CA3211C8DDC35CDE970C6918FD5C1740C6776205C031558605"
"analysis/93N2_metadata_autodiscovery.R","4244","9308D4843612E578057EA0A7B9AFD525B197F93B4685BCB313ABDF00FEE2A58C"
"analysis/93N3_metadata_strict_mapping.R","5025","22A604BEA3FB89DF7A05E9ED3D7D7B635540666241984C3846CD48A19C8CAA34"
"analysis/93N4_patient_timepoint_reconstruction.R","3134","CC0FA58DB26F7864CF74AAF9003CF1D92FDA543C9B442080187F49863A272DAD"
"analysis/93O_taxonomic_abundance_metadata_integration.R","2799","E043AD951EBF0D035E7460A9A3AE90BFC9098EF4599A05DBB51AA1B32E82D550"
"analysis/93P_longitudinal_taxonomic_trajectory_analysis.R","2199","F30323D1DC1B88CD9374951C643F3B3DE36C12603B24CEEEED3FB4D87B13761E"
"analysis/93Q_trajectory_patient_id_reconstruction_fix.R","1971","BFD497602DE50F79A8CC751620C58D24A024F9B684006BBF8BC36115393F7AC3"
"analysis/93R_fix_na_trajectory.R","2980","849C791F1686A97C33927843759B336E0E7C88B6FFCDAA5E5053201C6872232B"
"analysis/93R_taxonomic_trajectory_divergence_analysis.R","3650","A62BFE0F8482EA2F2EF2F1FB0305595F9B992D3A63101D713BC7C38726257CB5"
"analysis/93R2_trajectory_distance_final_fix.R","1968","9F25A6440521A411C0E7463A0FD3354F9CA9FFF94D74C4161C0047520002E26E"
"analysis/93S_signed_trajectory_clustering.R","1820","E86B908053279B9680E4E3D6C1F9C42D18582B5D8E229BC15E9996B92AB3AA26"
"analysis/93S2_trajectory_distance_method_fix.R","2169","1C4402B7DBC99CA75B0E284ED6059ED95B2AEB48FE0FB799AA8E1338C1C3D3F4"
"analysis/93T_EII_trajectory_integration.R","2838","52A0CEE6E3040602824D95FCB9BE529C89455CB40B4C9883EEF4D79630CD1217"
"analysis/93T_fix_patient_id_type.R","2068","657E4C0D4172C28D7ED8C289D990EB80D6A5F3695B2251E2C9DDB9501B720A87"
"analysis/93T10_EII_trajectory_final_integration.R","15462","628413EDCEC87740D1985269323B85A34935E678CF5B9DC70E09E0D820B6F9DF"
"analysis/93T10B_forced_run_bridge.R","15494","D859C64B09D6E944F5F662ADD2315FF2B00454643146F31346A76428F7A5CA0C"
"analysis/93T2_EII_file_selection_fix.R","2286","6419527B34511DE8689F124168C3375F68C00B97866A0DC86661778854C27860"
"analysis/93T3_EII_real_table_identification.R","3001","64224358692C0343E6670E7BFAF58E649B72C21DCA596EFE665A8254F9BF25C9"
"analysis/93T4_EII_xlsx_patient_search.R","2021","4C4407146A1A0568D69CD20796948AD95936B3577346BCC6387CEC2D78B2992E"
"analysis/93T5_EII_all_format_discovery.R","2557","3C7BF01C835565232B0296704A7D984976653F85A35EBCF9B4442B994A8545F3"
"analysis/93T6_EII_code_history_search.R","1623","71AEB290FFBD59C534EB8EE2C6D488C8E641123A174062A8F94559752E88CB0E"
"analysis/93T6_fix_eii_trajectory_integration.R","3090","305B29AA23DA7D9B2B16CDA5C8126B6A0A208228D5B1AE3A7410FE14175D5DD0"
"analysis/93T7_patient_ID_mapping_audit.R","2723","86DDA3085F33E30CC38C1C057D78F1680A2CF2409BBD7B5F0D5FE3CE47E3279C"
"analysis/93T8_run_patient_mapping_reconstruction.R","1750","4AF6CB3DFC25DA3CD2A75DE76DDE2EE1A1049379E94F1FEDB644AF123A54E68D"
"analysis/93T9_debug_path_check.R","847","33810C77CF636A979E0E00BB5A43322224F6F9CE4FBBB3A4DBEADCF73F668D58"
"analysis/93T9_fix_always_output.R","1893","53AB36F87E1504916594F394393CC026E1CE7E15E2132683788BE12A9C446F60"
"analysis/93T9_run_to_patient_mapping.R","2202","2534EF6DFDF1904802816194E7061409AFFE10EAD8D0109A4D3D0BCDBC3536AD"
"analysis/93U_trajectory_ecology_robustness.R","17013","A297C90EA0F7F2AEBDD6143EF522A65AB4C14571A2C77ADE01B2E18C61C2B7E4"
"analysis/93V_cross_cohort_trajectory_polarity.R","16147","46CFAA2C80D435843C78F6843F68982C48BF028FD7483E032B7A73513FF4893E"
"analysis/93V2_cross_cohort_trajectory_polarity_robust.R","18069","4C64797E4A2B7625FFDA451603E45D73777D1A6E29120F3F3D65A0E52DE1117D"
"analysis/93V3_step88B_estimand_reconciliation.R","15243","D69E33218FDE53DE3F7DF5992F264D14EDC4080E82189B9D8B142BB08CFF7791"
"analysis/93W_longitudinal_evidence_freeze.R","17717","865CEFEA7CD75E4FA3788F36FA6B90A7B457814772824DC8893089C812D67D07"
"analysis/93X_PRJNA1010969_external_state_validation.R","24586","30CB5D3B1C09864785BED6FB14DEC11F5922200058113CE6DA402ABE98EDB97A"
"analysis/93X2_PRJNA1010969_complete_group_validation.R","25346","F981C1097D083288593FF3C0D617ADB3FD7A38FE6090AFB5A7677EBAEFF8BAAD"
"analysis/93X3_external_specificity_robustness.R","20107","0141D860B06725317B794E501A00EADF942CCB0B30F27C731751DA4F4E30350D"
"analysis/93X4_external_validation_evidence_freeze.R","20067","CDA522712DCFCA1617CBADEE22917236933B56204A555A32729261648E56862F"
"analysis/94A_infection_source_feasibility_audit.R","19880","FE579087DBCC17FB454C3F44B6685ABE63585F59AE130834B634F30235EF33D9"
"analysis/94A2_infection_source_excel_semantic_audit.R","23629","08C4052D73BFA0323DB45656DEFD64C8D77C1D383F47405A8E36BFE418CAF404"
"analysis/94A3_master_infection_source_project_resolution.R","16994","FD88F171AF31C54BE703FC6D9F4841CA8E8F0FA30CA9CB652050BB8F5AEF8722"
"analysis/94A4_CRA002354_rescue_and_readiness_audit.R","19908","08322F87B11F8121CE8EFB1795640203A6F59FDDCD3B47F29817A824E433634B"
"analysis/94B1_CRA002354_fasta_otu97_silva1382.R","24675","63D9EE74B2813A82AFE47501A65CCF9191DC3B86D800B9EC2328D7E17E7AF935"
"analysis/94B1A_CRA002354_ambiguity_resolution_otu97.R","23242","0F7609664594A08E44A840500BBC7C1A385A5B6215B8DB2572F979D410C31118"
"analysis/94B1B_CRA002354_fasta_write_fix_and_otu97_resume.R","22196","33E44A7897F0D685C9A1C6486DACCCEFF5234A3D95A298BDAED93B06FB69776B"
"analysis/94B1D_CRA002354_nonchimeric_otu_table_and_rarefaction_fix.R","18264","10282C9F6C129031398FF0DADD0FA8052D0A3F31F3698A7B0A2E888919A05F4B"
"analysis/94B1E_CRA002354_taxonomy_id_repair.R","8266","D3DB37CF9DECAF9D5BD3DDFB4BADCB984788E02C75EA84AB6D55FF056A5D40EC"
"analysis/94B2_CRA002354_formal_source_longitudinal_analysis.R","23421","34E1E1E3EA8FD339F451F03067C1DB89002961889EB7EB08C473A5752A54FBCD"
"analysis/94B2A_CRA002354_source_model_design_prep.R","9785","A402B52FCBB68071CB4BBDA6114B8351474B559D221A887DDAFB62CA4F0E824C"
"analysis/94B2A2_CRA002354_source_model_specification_freeze.R","14866","57007246389E27FEB355E9904B66122628306DEC2C66934C839719560F4EFA4B"
"analysis/94B2A3_source_model_spec_qc_fix.R","5841","710AAA68844B30B0B467E74B19AA2085D484C3E44DD02216C08608F73E833BFE"
"analysis/94B2B_CRA002354_corrected_formal_source_longitudinal_analysis.R","23864","A4EF448AD5577F7B75F810C393E8D3A414FCE93C9BD2803B71C2AFF5C24A13E8"
"analysis/94B2C_CRA002354_final_source_longitudinal_analysis_and_freeze.R","36565","6047BD6D82ED8446EBBB53B1F734E8A40FB0E762226219E2AE5438883530F936"
"analysis/94B2D_infection_source_evidence_freeze.R","14499","309100D23231303CBC65A1C6D415A9453D681208602CF24D66CB1E2126547474"
"analysis/94B3A_CRA002354_exploratory_genus_source_analysis.R","25943","64B750BA0224753FFB8D7B13804D91148A2B7C6B8D3BA9D21FD767ADF372A4CD"
"analysis/94B3B_CRA002354_genus_coverage_robustness.R","17081","1DD65F2F6EFBD8A5B5F01C2CCBDB7B49033CD1505FBE7E87EE3A80D3FA3B5858"
"analysis/94B3C_CRA002354_genus_evidence_freeze.R","12120","F4613DAF59D5BD9D89E03CBB54C7CB3BD24608B100DA412331EFCC91C540F54E"
"analysis/95A_global_evidence_synthesis_and_manuscript_map.R","13833","DFD66459F0288EE342B2A56CA0E784BD2574B9441C6A1CE5245EEE62CFC1B26D"
"analysis/95A2_global_evidence_synthesis_source_anchor_fix.R","20827","D2EE21D4F46F0AFB422B1D8D81825C3109EFF4FF6B3BC657D26022B75BDC78BA"
"analysis/95B_manuscript_source_pack_assembly.R","14873","2047D4A554F8F099416460896B34A55417BDFC2012EEDDD51A475D3273476EE8"
"analysis/95C_manuscript_architecture_figure1_and_main_tables.R","15663","9312711B9B98D70AF2F78EFD08DE64578C1015F7B293356530836C0CD03062C3"
"analysis/95D_publication_ready_figures_and_table_placement.R","26108","C8EE1CD071FFEB74553A079FCA7861A4FBFDD06EB1CFE7F67C307A1D453599E0"
"analysis/95D2_publication_figures_sourcepack_only.R","31794","0381D1FC0A54E59F43A1A4B8AEF477F6526A34FE9D4862D706948EBF010EBF98"
"analysis/95D3_final_figure_formatting_fix.R","13280","E0096A31E1CB834D3E9178E042DE35AFBA29131924789AD2DCF7EF99953AB6A5"
"analysis/95E_table1_and_results_draft.R","30729","A144D469ED8E872519E20353D33870613E0359601E330244571AF5CEC68721F0"
"analysis/95E2_table1_analysis_population_fix_and_results_v2.R","30768","428AD2D4C28BDE78EBDFB9856E15C6381E1A94B89D7236FBE405FB535A692AD7"
"analysis/95F_results_polish_and_table1_manuscript_freeze.R","20258","BB11DB672B29CA5C1A3540E6133A8EBA57689F086FDB60F539B814898E9BC212"
"analysis/95F2_results_and_table1_final_freeze.R","8947","27F52410343DDB8400EB1F86A8DB52AC37F6971DCA30558B2BE1A92CBD7A0959"
"analysis/95F3_results_and_table1_final_freeze_sentence_audit.R","10153","5FCD30C6D0F03D98FC16E1E483A39E98EEE9D3B60A2785394A7DDAA54D0742F8"
"analysis/95G_supplementary_tables_and_discussion_v1.R","28153","28DDE675F00709A5D21CB31D11B30F1EDD5D19DFE85D064F1AB6499C3437D9F3"
"analysis/CHECK_AND_RERUN_STEP94B3A.ps1","3698","C0878314859A53537B731A1B448CB85273C46600654AD344BEA057EC2859CFB2"
"analysis/CHECK_RERUN_PACKAGE_STEP36C.ps1","2690","75689C204A7E0B5002F99897C26F5177A972F9FC8D7A66CE2F5ECBC55501DAA4"
"analysis/CHECK_STEP94B1B_STATUS.ps1","7296","7B25BCBC9CD8DA5E07E5C61232B7DFD2E29D5D965935BCD8BC0B20B268A321AC"
"analysis/GET_VSEARCH_2.31.0.ps1","944","A1DF17A8B49F73C8050EF8827F8C6AF29F308CEC570FCE4A362C7419461E7322"
"analysis/RUN_STEP_V2_36_METADATA_AUDIT.ps1","196","3A7F993BFFFB0C747ED5533348FDEB51B96FA908D6638445D027BFABD0EF42DB"
"analysis/RUN_STEP_V2_36B.ps1","199","D3CB2173838A3B2A40C01C99609F3697DF306909B9216CCBBF101B2CADB6C512"
"analysis/RUN_STEP_V2_36C.ps1","169","41F2494EE6CC7BB51C03BB9E0166058408CC5C78FB139E4F82CFE3DF1FEB89A0"
"analysis/RUN_STEP_V2_36D.ps1","978","D90D491F65F4D70A0165AF9B91BD47AD64C30800FC37AEFE336428D169578AAD"
"analysis/RUN_STEP_V2_36E.ps1","1006","2B010FBDEE065B9D1B790E6877E8BD4E34FAAF308D0CF233CF1B718F9782F6D4"
"analysis/RUN_STEP_V2_36E2.ps1","1155","CC9B2BA99DFCB8C702AEDEE8A1429E53834A84899478A8DC2754121C0658617F"
"analysis/RUN_STEP_V2_36F.ps1","1172","C8AF8A2D4E689C556A523BDE6F018CC0A092BEBA91B0E5700722C25096EF4352"
"analysis/RUN_STEP_V2_36G.ps1","1350","C4609CA0FC17EF82988A88B4AD024B5C5EC7930AAFEAE4BE244B3725BD06632A"
"analysis/RUN_STEP_V2_36G2.ps1","1943","67437355EE2D06086395E25F10BE305307755CB00063AC5431495E058C984EA8"
"analysis/RUN_STEP_V2_36H.ps1","1657","493086136626B5C853E958D3421701FD1099D4E79B10D2298983F8C1C3FD6780"
"analysis/RUN_STEP_V2_36I.ps1","2073","FFAB123C2B0909902C240AC6A602D1F126CC0F07479D718FE776AB5CA9812D28"
"analysis/RUN_STEP_V2_36I2.ps1","409","DA726965EDDEFCFD08E40A4E8D9F1731E750C35DFC1AD87AE06C9A09B99C6749"
"analysis/RUN_STEP_V2_36I3.ps1","2134","6FBAC41B3B0D321DEBE8D0F34D20145B71F1DFBC5214398B623F4CDC1E484A56"
"analysis/RUN_STEP_V2_36J.ps1","1204","C4228833537CE605C3EF280F417C1B45BB2B63AE0FAEC9BB083ABA4957ADCFD9"
"analysis/RUN_STEP_V2_96B.ps1","1556","D900F8AF0026434D8BC411AC6C74F743FDF0058F790C96B009F850226D2A2855"
"analysis/RUN_STEP_V2_96C.ps1","1871","8513367F3800BD6AC6190FD08EBFFC1C68BB7B510B6BBFAA58C6B28019227A2E"
"analysis/RUN_STEP_V2_96D.ps1","1682","1F383B65E20434C176AEA2A95A3F722FB948A58F583D41393DFDE83A7C79D095"
"analysis/RUN_STEP_V2_96D2.ps1","1863","E7E65F55A24927B690925C397C795DE17A8C5412F0620F5840541E309943C86F"
"analysis/RUN_STEP_V2_96D3.ps1","1647","DF84FF29A7EA6FAACE799073B060CD8987962E112034AB4B4FE6BC019BE4182E"
"analysis/RUN_STEP_V2_96D4.ps1","1640","A10EF052481C236C2A2931DA05E1ADD88A7C18D49D41B184D58C39A42CF45F24"
"analysis/RUN_STEP_V2_96E.ps1","1836","D11DC4228425CFE211664DAD7265E8D981094F190C70EBFE21E05EE5FE5A1857"
"analysis/RUN_STEP_V2_96F.ps1","1744","21F009E80E86EED6FFA2EEDFEDD0A355EED2141AA5F1BB9D09F11D29780900EE"
"analysis/RUN_STEP_V2_96G.ps1","1971","22E454E9CC9489AC07AAD86E22D90CAB00C03AAD7E1347C3ABC7EBA59BB4C7A7"
"analysis/RUN_STEP_V2_96H.ps1","1888","3D328FFDB945B28184F3216D749491511B984203A8BF23FEB64D55505877D01F"
"analysis/RUN_STEP_V2_96I.ps1","1681","C35585CA0878403ED0DCA958DF13246DD776134C7F56F7CB02B565A248172289"
"analysis/RUN_STEP_V2_96I2.ps1","1638","BE07F40195C36B9D5ED53BAADE75FCA5FA36D9DD2B4C2B52088C93CA5E61AA68"
"analysis/RUN_STEP_V2_96J.ps1","2806","B8BAE8C412628C11AAF89FA4DC4A6C045206070ADC3E7532441EDB3419F14848"
"analysis/RUN_STEP_V2_96J2.ps1","4283","2C62FC64DC5AA2637C73744C34AE0C2273DC9FBF6A366419D3A7250C5088968A"
"analysis/RUN_STEP_V2_96J3.ps1","4910","215E5ABC7F48970E1F8FF9EF0B2A69871E8A51AFFC66F1D8352D6C85746CD4AF"
"analysis/RUN_STEP_V2_96K.ps1","1779","851CC747059D9FF962AA1FB40E4744C7FC9E338910C9975CB602BB9DE5F9F427"
"analysis/RUN_STEP_V2_96K2.ps1","1885","984E06558AA3E33B83D45B9CBE96B67DB43B9859E1CDD0FD370C54B3BD82E941"
"analysis/RUN_STEP_V2_96K3.ps1","1815","FCC3EBD3ACE765EE7F46969A289D6F1D1104CB000B3D923BFA129E938AAA8FA9"
"analysis/RUN_STEP87B.ps1","1131","B1DA552E13B7F0E06D113F3F9DBD57A5E756AF15219F76A861586273E9DB8EF3"
"analysis/RUN_STEP88A.ps1","1705","F0B4DE60FF8A5D105447BB90DF7EDF8B99BB59C2A3E7E7D329F6393BD9BD3EA2"
"analysis/RUN_STEP88A2_FIXED.ps1","1560","46A1F30A96BFFE389094482E5291BF309D6D621C1BD4FF878D0BD623CC275356"
"analysis/RUN_STEP88B.ps1","1537","081D590DBB34251A92EC8D9F5543A3FC28BA2A8FB1358F0318F41D380D373B0F"
"analysis/RUN_STEP89A.ps1","1529","3D7A93A072617F6C395E5DB28866739993CD5F6CE955A8FA29FC810BF22C4FD6"
"analysis/RUN_STEP89A2_FIXED.ps1","1550","B2DF1A183DFB796926777C19FCF8A2A99FAD72968724898E1E8CCA924877F411"
"analysis/RUN_STEP89B.ps1","1531","F710670F34C274826EF6A1B673C136ACC60F254F887413A29A1D7806CC14CBEA"
"analysis/RUN_STEP90A.ps1","1543","9D6D1399ABF9C2E8C194A1758CFF1F76DB681160F366A1CA0F5C7E14786D816E"
"analysis/RUN_STEP90B.ps1","1519","98B112829D36ADBAADE0864047E82F2D0C4F147F98E26D8A881D48205080EB3D"
"analysis/RUN_STEP91A.ps1","1529","10CDB25D580EB674C537B3C494ECE9444C46537670EDEF5A98AC7F6246758EF8"
"analysis/RUN_STEP91B.ps1","1533","F6B6FDA7EE1429A3E4F5A664ACF44EB897BBA424ECDEB57CEE75BF518AB99856"
"analysis/RUN_STEP91B2_FIXED.ps1","1554","645BEB944FBCDA1C3453A2E44A67E94ECA05E33067E10E2D645101A9927E417C"
"analysis/RUN_STEP91B3_FIXED.ps1","1580","334E0E140148995D1FEC2BC9541CBC6AE461745F1CB7D46464330430E78D5812"
"analysis/RUN_STEP91B4_FIXED.ps1","1568","F14E45B5B6A9BCEDBFF77577E26772309A782A82625C66D0C0A0158BE81EE672"
"analysis/RUN_STEP92A.ps1","520","5960874C8E25049D277AED9CEDE543CA6F7C730B2C4C1D7C39E7C62638D1FA0B"
"analysis/RUN_STEP92B.ps1","302","6F5425EBB41AAC72B287AF1192A93CE0B9814A32C26CE86A245DBF46B2B5325E"
"analysis/RUN_STEP92B2.ps1","221","79E22BE042A91848E06A48CAA58A07E2DC62DA5D8167B73191DB8DB5928C7058"
"analysis/RUN_STEP92C.ps1","215","E398998879881D58CE226602A1B81A334B82A3C862BD9BD95B1F2EA52C37D7ED"
"analysis/RUN_STEP92D.ps1","212","23B1E903FA946F644FAED879C56F6E21B161A570E711DA27CD5AC19FBEC8880F"
"analysis/RUN_STEP93A.ps1","218","A428D4B65744A6F22EDD151608689CD1E7A1B0E1D4B4FD854D9CDFB0EA506567"
"analysis/RUN_STEP93B.ps1","222","E3AFD923FD5478254442A1A338724B2D937378754BA32A9E8430A76C91168419"
"analysis/RUN_STEP93C.ps1","215","1D939066C7FFC25A7C19E8DC88D6F31A577042382BD856D0744FC519D30CB18A"
"analysis/RUN_STEP93D.ps1","217","71A8C98FA7BBE071631EEC2B1DEB56B10765E283534FF25491555B5CB47B84E2"
"analysis/RUN_STEP93E.ps1","219","761D72F16FD0A6461C049CF1C94E9E33C777D5F3F9BA5195554FF0AB4047C8BC"
"analysis/RUN_STEP93F.ps1","223","8333F2B853FD68B05EDC64DD2C49C378A1C0278DBC509ABE9F421F27FA91083D"
"analysis/RUN_STEP93G.ps1","219","127E2600C91EB39D223BDBEAE91A218E7A6C047E0A4F50BF715D28CEE16CE4F0"
"analysis/RUN_STEP93H.ps1","217","A338B87569A2AB5C2FA0E91C2E1A8198919E901B789FE5689AB929B0B8E07862"
"analysis/RUN_STEP93I.ps1","218","840763D289DD0F4CB86E9650A033FA2FB010FDD44B5E847910F5FAF1EE950FF3"
"analysis/RUN_STEP93J.ps1","218","026962BA2B99EE85FB80A25374330611403A330853DE00D47058B9B753F771F4"
"analysis/RUN_STEP93K.ps1","211","6AD4B8C07C2967D1350AC82B2CD71CFEEBDCFFE66C5AE0A03BF52A3552D7A44F"
"analysis/RUN_STEP93L.ps1","219","ED73AD85BD34CECB9297D0AF0955D3A121AA4816C61CDD7B69389CB6AB71C4E7"
"analysis/RUN_STEP93M.ps1","195","F9D39D8C948A43ED54CFE3FD150CC16F28A83E90159C2024AB8D161FCE9E2C4D"
"analysis/RUN_STEP93N.ps1","209","DA2B28D0AC621E918BB3EB3F542208B99054C1C024825FD913CCAF89F2578E3B"
"analysis/RUN_STEP93N2.ps1","212","EA748E0D5ADD59937BF0EDB9B9DD687E465559F9BCA8F6F544FBA4FF9CDFD9A5"
"analysis/RUN_STEP93N3.ps1","213","13C477A923FBDC51F84F989314E3D07CBFAB963EDC08A1C00EBA162301F30A68"
"analysis/RUN_STEP93N4.ps1","222","E8392E8FCA41E4A64C8A9568868A43735491E04662A294EEFB4D8675BE729304"
"analysis/RUN_STEP93O.ps1","229","931C1958E8DB6092579A5D0FA72C6586BAC426CE636B3CB9940A71F3FB7244A5"
"analysis/RUN_STEP93P.ps1","231","BA8B970A8E43ED516070CD21FCE43051349F3DD873295142AE0CD3E862037324"
"analysis/RUN_STEP93Q.ps1","229","C1C7FAFEA43FB22EF0F45C2679CC5A5CAEB1488E99A8E0A46103C6D3CCF3BECB"
"analysis/RUN_STEP93R_FIX.ps1","202","83445098B7EE18C15B6A28BB810080708D41B4F64FD0EB43DE3A6B94334564AF"
"analysis/RUN_STEP93R.ps1","229","DD2ECD3F328C40D56E25E011C6F0FDAA96AF343F8F459AA2E3AF85F221539406"
"analysis/RUN_STEP93R2.ps1","215","B5E43327027C72DB719B6FD8DF3B3AB5C6B177989ED543E87B10FA3BC7A1C7A7"
"analysis/RUN_STEP93S.ps1","217","FDA68E24A3199AB1F28EA02064153169A74E1BAFAE07498ECC531FF09D1249E8"
"analysis/RUN_STEP93S2.ps1","216","A053A4648E201583AF5B9437F73CA0E7E3D3B7E82882A419B253D86ADF4A6ACE"
"analysis/RUN_STEP93T_FIX.ps1","208","235B1B39F1275EADC5E555B5B975E00823EEF81FA66FE6646D7E0F5FFD688AD0"
"analysis/RUN_STEP93T.ps1","215","E795E05BE8F13B402ADDD828933F522941C6AD83A909DE7ECFB803B1BD957390"
"analysis/RUN_STEP93T10.ps1","222","183F155DF4AD80EC1B7A5E76AC6E12D6EC6F32D16B2287F1FD7C48FF247779FB"
"analysis/RUN_STEP93T10B.ps1","207","6F31470A751D71E1F4C9F3234E25A9A8B29655CFE5E5A37703158F35ECBCD269"
"analysis/RUN_STEP93T2.ps1","212","C3117F5D61B58D88E825AB5C5928722A9013825E842E3D8B91A73F7D0FF97DA4"
"analysis/RUN_STEP93T3.ps1","215","47D4F4B38316290E3F1A00BAC7D324AA8DDAB667AA62186394695165A83DE5C7"
"analysis/RUN_STEP93T4.ps1","209","22836BB034B49E40F804DFEE51ACA3773F042DE4DEE7E67CA9CD434CC96118E6"
"analysis/RUN_STEP93T5.ps1","210","70337183DE74835B42498A72395D19622CDB4EDFF8571C9EA10B422D416A366A"
"analysis/RUN_STEP93T6_FIX.ps1","220","4E8000827B100AD00526E826AA728BF0AB988A1E03009F4E263892A57342945B"
"analysis/RUN_STEP93T6.ps1","209","BBDB6CB23753594978BAFE51AE2E72F113E271F0A2DC5D80D6A2BB9BCC93101C"
"analysis/RUN_STEP93T7.ps1","214","CC87EE253419362E3FB07CA3A8A3811C65F81B2FD494129F8794302372E7FB5A"
"analysis/RUN_STEP93T8.ps1","220","AD7C012E0FBD5294ED83B8497F886B75BD2FBEE0F6CB68EF667A021746601002"
"analysis/RUN_STEP93T9_DEBUG.ps1","202","1F415798C3DF5F86B1921CB195F60BA5A6F31379B69A2C2DD4FEA20073BA5C4E"
"analysis/RUN_STEP93T9_FIX.ps1","203","11CD55FC04146464CC276A0D34403C2B97D3D355A468733B32F61E062B51858C"
"analysis/RUN_STEP93T9.ps1","212","BE02215CB8F1ED6434DA57C4D96538E4DAD18E122960E4A3E2B5580A020F5576"
"analysis/RUN_STEP93U.ps1","216","99434292B74C16F0D4EE542A484E1C6AF3F0A54306D400AE66E6AC56BFCE0772"
"analysis/RUN_STEP93V.ps1","219","B7DE2B3154233F280B9212FDB635FB8403C691CA22C384E07EFA7440699F8749"
"analysis/RUN_STEP93V2.ps1","227","108EA5817ED7F74419E9B048C293779FA5D561823A5B5E53462A1A5485C26C77"
"analysis/RUN_STEP93V3.ps1","219","FF848256924D79EF2752BE8168D947574B1F943EDFFE5A643682F798E2664788"
"analysis/RUN_STEP93W.ps1","215","1A039F6D4BDC08DB02347CAA7925F19E4E5EB15124945C21FD3CE696C62EC54D"
"analysis/RUN_STEP93X.ps1","225","5826CF7546B0CFF7E1B210ECFE4C0B8B4B08705FF772D39969959B66EF6BB5A0"
"analysis/RUN_STEP93X2.ps1","226","DC8881334139FBAD37F17BF2C20ED3AC673F3B52C1B42419888EE3616E5F1176"
"analysis/RUN_STEP93X3.ps1","219","7C3235A8517564D01CF9950191B3E836ECD20A2DFF321DC46EAD0C49D0280DB9"
"analysis/RUN_STEP93X4.ps1","223","21C5F9B40C1D4531AF975E5E5C4BEB3D57210549E9E8363087A65EC39B7117A5"
"analysis/RUN_STEP94A.ps1","221","77482F78D22222B52FB5424E71E69779AC983DF50928A78A4F35DF8BD548207F"
"analysis/RUN_STEP94A2.ps1","225","5FB4DA9AC6099E2DA09C556454EE97E4C7F3209A95DB15F32A6612677CCC5356"
"analysis/RUN_STEP94A3.ps1","230","1AC47475F04FDDD0590957BC9F343845863371F55CF51D7C7D90E362A1FF2545"
"analysis/RUN_STEP94A4.ps1","224","9147B4373E8BFB17B57A351EFA735D476D8FDF196A8BCE497FCBFB091D116856"
"analysis/RUN_STEP94B1.ps1","477","61097CEA092D8C1BD88728036126FECC0B51575988590FBF6A4A77B0D5A185DF"
"analysis/RUN_STEP94B1A.ps1","225","BFBFA2EAE13ECEF9AC4BE13262A6BD338BE12CFCCF5E4A1D51A152AC52925857"
"analysis/RUN_STEP94B1B.ps1","231","15A997E70987525179C2CAEB30A30F843461EBD7032E12D342CA627CDE828E13"
"analysis/RUN_STEP94B1D.ps1","240","8541DD641FEF9182AB6D07EA417C469906E843205ADD28DF7A2D0E6C397FC558"
"analysis/RUN_STEP94B1E.ps1","216","C1F31DEF732AD5DFFA375A46607E977D738DB6E003291AD5166A5EB052BAC56E"
"analysis/RUN_STEP94B2.ps1","233","D082F9F0D61C2EBF623D8EFC5AA4FA1414D6791B27C07B3979409ADC533CBA40"
"analysis/RUN_STEP94B2A.ps1","223","4F69349AA987BB820F73DA907E234D1DEBE98C62BD9F1316E82433891D5E1437"
"analysis/RUN_STEP94B2A2.ps1","233","E8CBFA8A467FD91CBE1358F41D59D12709E42C201A77B0B707E2B7347E53FB92"
"analysis/RUN_STEP94B2A3.ps1","214","EFB057D698E256D8FF21DD6C8999A8E4108040CF5096C239CAF6C4D913868B2A"
"analysis/RUN_STEP94B2B.ps1","243","0D0E4499580475C585034CA62E2ED6FD5C3D29226F593F965EB008C311099F9D"
"analysis/RUN_STEP94B2C.ps1","243","E39CF470AD9415970260BD40555FE5C148B11883A9D56E348307C998FD43B66C"
"analysis/RUN_STEP94B2D.ps1","220","6257022B7CA0436D4C3F9C452F82FDCD329BFA1877BB911553447A6DE640249C"
"analysis/RUN_STEP94B3A.ps1","231","BD070E5FB94B3498F826E06429411AC9F1DEC087F3BB2FCC68F7DA5388D45DD9"
"analysis/RUN_STEP94B3B.ps1","223","C1139F5729BDA5C2842B53389A41E862729DA6991F93837BC6FADD948AF22E42"
"analysis/RUN_STEP94B3C.ps1","219","8CFEB45CFE37E90533A118FCEA6CEEE2C3502848430BC4253B10202D22F9478B"
"analysis/RUN_STEP95A.ps1","230","1FB63667E6D5EC9E304A08A506BAC6C3F14AC0C8363231CFC1E291511DC56042"
"analysis/RUN_STEP95A2.ps1","230","CDE6CDF9DF5C8C7FF1F76071D383FF869A9620168BD00E97043B9EF4722D3B94"
"analysis/RUN_STEP95B.ps1","217","A7D670473D17408243CBA95B4E559B9B5C760EFF57789D931BF1EF5CAFBACA69"
"analysis/RUN_STEP95C.ps1","233","9890FC22F85AD5A13621A372BDB0A0DACF01E29F5D578485AC81FDE2045E803E"
"analysis/RUN_STEP95D.ps1","231","96C384CC803ACBEFDE1371891C9FCF736B06C9ACBEB8DBC3F9677ABF232E638A"
"analysis/RUN_STEP95D2.ps1","767","550BC7B3B3A6715F42B30A16A99AC775B474A8ADF355D75D6557DD25D9DEDC83"
"analysis/RUN_STEP95D3.ps1","214","7DB0CFF52EB936D42DFCD04C9779D650290D7688BD93B465237C49111DC7DBD6"
"analysis/RUN_STEP95E.ps1","700","143B9B0F634A40FEADF5E53B1B7EF6EA62CFA120ADB2AB57CCA943F7141D30DE"
"analysis/RUN_STEP95E2.ps1","747","0001505F105BDC089B8AC0D62F544AED3EA83F83E2AD21735FDBB1C4AA1D9EA8"
"analysis/RUN_STEP95F.ps1","679","9E7CB448C6767B9D7B6B11DC2715CFB22D7FB58B649A3EE7DAA3E26D99E94E9A"
"analysis/RUN_STEP95F2.ps1","719","83C7E573B9E8832066C28CDBCB0DA8810BDD8E4F1F36FDDA974F74AE4CE51293"
"analysis/RUN_STEP95F3.ps1","749","D62B7030D5AFF4E04BA4A262FE26CBA14DE58F9BB3F490151361474F18CEF27A"
"analysis/RUN_STEP95G.ps1","728","E40F7A0B5CACCB0565D8D65FF38BC11791B07F8847B2B2A09612E046074F74D2"
"analysis/V2_36_metadata_enhancement_audit.R","3136","32B78BCC3F8C7B44586E9C73ED4D5263F8709D71C76DE946F986D9D33F818BC8"
"analysis/V2_36B_clinical_metadata_deep_audit.R","3001","27A67BDC93CA69272FE060F4F18808977AA5FBC0A29C2CDA7D733FAD6AAFBB2C"
"analysis/V2_36C_clinical_variable_characterization.R","1633","B5933FB8E355814762E607CD9C4936404284EE90A662EEA2900D29FEEF079FB6"
"analysis/V2_36D_value_level_clinical_feasibility.R","13695","45E4E82914CA76CD696E6094900FE1AC3EF3734F9819CB05D3A9D8E52855044E"
"analysis/V2_36E_raw_clinical_metadata_recovery_audit.R","9235","2591E8814BB5543538680C2491D1C5FEB432E3B769A5BCC5A85802BBEDCEE5AD"
"analysis/V2_36E2_raw_clinical_metadata_recovery_audit_fixed.R","9966","616238910BB48DDEA8B0BE7992749589BDB8B18D81726018E8E9DF5FF47C285B"
"analysis/V2_36F_PRJNA851469_clinical_recovery_linkage.R","9713","44368497D6DCCD323B49B9EC83C3AA26AB5E79A8D1020CDD1EA6684A2A8E07D3"
"analysis/V2_36G_PRJNA851469_day3_clinical_outcome_models.R","12098","6D94C8206AAF5424D25CDC1BB205B5771020F1441EF4A01871B8A6B8EC2F0E2C"
"analysis/V2_36G2_PRJNA851469_day3_clinical_outcome_models_FIXED.R","12017","EC20B265A6F9736E14C56DD44814DC70DD0D8526FACA4857E633E4D55ABAA5B5"
"analysis/V2_36H_cross_cohort_taxonomic_reproducibility_audit.R","10137","3B26DAF7ADADD37A92CB763796D884F2D9DD399A9DD9E468D2F2E84C6E9CB4D2"
"analysis/V2_36I_cross_cohort_taxonomic_reproducibility.R","18459","2BB5D8C3EC89C4700E75BB077A8851E0824BFEF89C6B504458646428DD6A3B37"
"analysis/V2_36I2_comparison_selection_fix.R","1796","46015DCD607E3C435DD03D75D5EE6C456C52B0EBDC91658E5FAD2D598354915A"
"analysis/V2_36I3_cross_cohort_taxonomic_reproducibility_FINAL.R","20835","1D93D2A5CD968F36457FD4E533769BE70CF56F15C8BC124A74A5A40603DCBDB5"
"analysis/V2_36J_microbiome_enhancement_evidence_freeze.R","9810","C3293DA5696F005B6A6803E1F129EFC76B29A5DFDB35D5A485628A1497DBBA00"
"analysis/V2_96B_results_integration.R","8410","981625A14477056ACA1B25085FB2C52556E54AFDBA4F01781E7A149246BF50E8"
"analysis/V2_96C_discussion_integration.R","8176","EC944BBE2FC337BCAA8B65C706B3A4BD9C26797AE677880F8087D2680040DAEB"
"analysis/V2_96D_methods_manuscriptization.R","16388","98396AEB4E3E91F710FF5CFCE6429E437386DFF6EF3CAD04741BEF1F877E904E"
"analysis/V2_96D2_methods_source_verification_audit.R","11779","76572EC4D99499C844810C2C1AAF903330E53EEAF0B245F064B08C0F1BFA89FF"
"analysis/V2_96D3_methods_manuscriptization_verified.R","10925","F1E9A10DB05E3789AD6A507F70D2142C3F468F0E4CAECC1A46BFBA31A1B32B3D"
"analysis/V2_96D4_methods_final_manuscript_polish.R","8817","7DB52A64BEC2F675D0C9F4ECCEC932CDA5F100DC737BDA4E0C2E5EEC68CC2316"
"analysis/V2_96E_figure3D_cross_cohort_reproducibility_final.R","10613","038E232623E8C2EC7F82C842A69CA359E725ECA0F4D03C90C3647A92056E1656"
"analysis/V2_96F_manuscript_core_assembly_and_gap_audit.R","10916","93EDC605288F7D8CA20495A7BAEA81243B6EAB654EF7A69625AFDFF1C66922FA"
"analysis/V2_96G_discussion_reference_resolution.R","6712","22DD12240CECB3CB5A3661C76454039ED727CAA9F8FC69C144E9A599EFFF9708"
"analysis/V2_96H_introduction_integration.R","11023","6FF454BA98B5F495C40ADC180BFDB5F73EB099DF8DFB8F0B3B129CC21A9FB256"
"analysis/V2_96I_final_reference_numbering.R","9803","4A6001C36C0AD3D306B3958D8F2CA951DB54B2DD980F3A1446D43240B98F5F0F"
"analysis/V2_96I2_reference_format_polish.R","6200","5B2E5D709184751025D6C333C92A396FDE38F7C943441F3EF7C576786DAB47E9"
"analysis/V2_96K_final_manuscript_text_and_audit.R","19849","4C3413216A1879C8241B1E2B2771AF3E7098ABEBEC6B28DEB1B3C1D598338F40"
"analysis/V2_96K2_final_manuscript_text_and_audit_FIXED.R","21033","759041A493F95233B3C5F1EDD085B3D64F674E0441B36FD891DF5231421322D1"
"analysis/V2_96K3_final_manuscript_text_and_audit_FIXED2.R","21924","AC1FD7E44BF89CCFDAE4068092C4322C574B35D433079A7702BE0A53CAC2CC9D"
"analysis/V2_97A_export_submission_bundle.ps1","1757","5D3E78B46CC007AA5C7623F8E15142785F8EE8E2FFAE05F145C1ABABDFA68CF4"
"CODE_AVAILABILITY.md","1444","9F3DDEFBB12C3237BF48FFC2E1A8BCDCC658ECE00F0B121E785703DCB06A1677"
"docs/CODE_STATIC_QA_20260904.csv","713","CF8EDC39913A8C78A87657D3BB06118E571FC55617F3C4C3B5B45943AF6500D2"
"docs/DATA_ACCESS.md","1638","C8DB582B50A677ADB43CFA969731E087ED16BC222ADB35FC3EF0AF1C335FAFC9"
"docs/ENVIRONMENT.md","1345","0EC26601904296C679241B203344FFF25E81D9DA89597DF85FA810042C0AAA49"
"docs/REPRODUCIBILITY_NOTES_ZH.md","4113","60043410136C5D546074C56EC524981E9610A8A1B121C0CB51135848EE26A350"
"docs/RESULT_DIRECTORY_STATUS.csv","23977","BB8B70CF03BAF223BE4DD5315A9563DB652CE16D99FF3FD960996A3005B79CED"
"docs/RUN_ORDER.csv","4981","AD29DC5922503B764136019DF4DA634F8F0550CE66ACE01A6B238CE45D1914BE"
"docs/SUBMISSION_READINESS_CHECKLIST_20260904.md","4156","F5FD470F883CBD7862628A2D3A288D6DBCA75CA90AFC4A1ACCB89BE54E28A3AF"
"evidence/additional_file_comparison.csv","8246","EA03DC1AEA374FDF796093FB725D15C81F30692CA14E7C7C529F85CAC08A953E"
"evidence/corrective_rerun_step_summary.csv","1608","2334846554C99BC1A215CDB1BF24C867F85FAE28345691D446539651B929B0DC"
"evidence/normalized_reproduction_comparison.csv","17289","F44F13AF9D941BF2E80509C456514EFF3E0B4D7444DDA908DE2E1BDB6EDA691E"
"evidence/pdf_render_comparison.csv","1844","03189D8EBE13E0125CEC863CA2458D1E0DBAC666E4617EE206D037163B67D288"
"evidence/REPRODUCTION_REPORT_20260904.md","3826","2ACCA64C1E14EF312EE2078235FAA02362F1C60BE4C0E4F974B0464245FEECF2"
"evidence/reproduction_step_summary.csv","2701","248A4AFFE5F1F2E2269362773A33F153227D3221B344371C1EBF0FA351B0CF97"
"evidence/shadow_vs_frozen.csv","16573","621E42A67E90B42FEF8DF0828035CBF6A0E4A383ED36805D0073194101B7F782"
"README.md","4293","C9BCDA3FA1C089E470F654447A13224333DFD230DCFE279F827622EC7DCCF9E3"
"RELEASE_NOTES.md","722","5A23E5690FA38D44508427AE1185D3F46395A10123DB3D5BF5FA9022BC4D4BFE"
"tools/V2_REPRODUCE_TERMINAL_CHAIN.ps1","2937","E363A8AA32DF8E686C3A85D26AD1DB759068306B3B350ABB905DA7B55F1EDB4C"
