"file","syntax_pass","error"
"analysis/01_001_build_project_inventory.ps1","True",""
"analysis/02_012_resume_parallel_manager.ps1","True",""
"analysis/03_003_freeze_replicate_rule_and_build_analysis_objects_run.ps1","True",""
"analysis/03_004_longitudinal_diversity_and_displacement_corrected_run.ps1","True",""
"analysis/03_005_longitudinal_diversity_and_displacement_run.ps1","True",""
"analysis/03_006_anchor_robustness_and_paired_contrasts_run.ps1","True",""
"analysis/03_007_taxonomic_paired_trajectory_screen_corrected_run.ps1","True",""
"analysis/03_008_taxonomic_paired_trajectory_screen_run.ps1","True",""
"analysis/03_009_taxonomic_robustness_and_provenance_run.ps1","True",""
"analysis/03_010_ecological_robustness_and_shared_taxonomy_run.ps1","True",""
"analysis/03_011_corrected_coherence_inference_run.ps1","True",""
"analysis/04_001_infection_source_feasibility_audit_run.ps1","True",""
"analysis/04_002_infection_source_freeze_and_analysis_corrected_run.ps1","True",""
"analysis/04_003_infection_source_freeze_and_analysis_field_collision_corrected_run.ps1","True",""
"analysis/04_004_infection_source_freeze_and_analysis_attrition_corrected_run.ps1","True",""
"analysis/04_005_infection_source_freeze_and_analysis_run.ps1","True",""
"analysis/04_006_metadata_enhancement_audit_run.ps1","True",""
"analysis/04_007_clinical_metadata_deep_audit_run.ps1","True",""
"analysis/04_008_clinical_variable_characterization_run.ps1","True",""
"analysis/04_009_value_level_clinical_feasibility_run.ps1","True",""
"analysis/04_010_raw_clinical_metadata_recovery_audit_corrected_run.ps1","True",""
"analysis/04_011_raw_clinical_metadata_recovery_audit_run.ps1","True",""
"analysis/04_012_prjna851469_clinical_recovery_linkage_run.ps1","True",""
"analysis/04_013_prjna851469_day3_clinical_outcome_models_corrected_run.ps1","True",""
"analysis/04_014_prjna851469_day3_clinical_outcome_models_run.ps1","True",""
"analysis/04_015_cross_cohort_taxonomic_reproducibility_audit_run.ps1","True",""
"analysis/04_016_comparison_selection_fix_run.ps1","True",""
"analysis/04_017_cross_cohort_taxonomic_reproducibility_final_run.ps1","True",""
"analysis/04_018_cross_cohort_taxonomic_reproducibility_run.ps1","True",""
"analysis/04_019_microbiome_enhancement_evidence_freeze_run.ps1","True",""
"analysis/04_020_check_clinical_characterization_package_utility.ps1","True",""
"analysis/05_001_eii_feasibility_audit_run.ps1","True",""
"analysis/05_002_eii_baseline_harmonization_corrected_run.ps1","True",""
"analysis/05_003_eii_construction_run.ps1","True",""
"analysis/05_004_eii_cross_cohort_validation_run.ps1","True",""
"analysis/05_005_eii_stability_comparison_run.ps1","True",""
"analysis/05_006_taxonomic_heterogeneity_vs_eii_run.ps1","True",""
"analysis/05_007_taxonomic_trajectory_heterogeneity_run.ps1","True",""
"analysis/05_008_taxonomic_divergence_vs_eii_run.ps1","True",""
"analysis/05_009_taxonomic_heterogeneity_index_run.ps1","True",""
"analysis/05_010_taxonomic_trajectory_divergence_run.ps1","True",""
"analysis/05_011_taxonomic_heterogeneity_calculation_run.ps1","True",""
"analysis/05_012_taxonomic_trajectory_divergence_revision_02_run.ps1","True",""
"analysis/05_013_taxonomic_trajectory_distance_run.ps1","True",""
"analysis/05_014_taxonomic_matrix_selection_fix_run.ps1","True",""
"analysis/05_015_raw_abundance_matrix_discovery_run.ps1","True",""
"analysis/05_016_genus_matrix_validation_run.ps1","True",""
"analysis/05_017_taxonomic_trajectory_reconstruction_run.ps1","True",""
"analysis/05_018_download_metadata_from_ncbi_run.ps1","True",""
"analysis/05_019_metadata_autodiscovery_run.ps1","True",""
"analysis/05_020_metadata_strict_mapping_run.ps1","True",""
"analysis/05_021_patient_timepoint_reconstruction_run.ps1","True",""
"analysis/05_022_sample_mapping_build_run.ps1","True",""
"analysis/05_023_taxonomic_abundance_metadata_integration_run.ps1","True",""
"analysis/05_024_longitudinal_taxonomic_trajectory_analysis_run.ps1","True",""
"analysis/05_025_trajectory_patient_id_reconstruction_fix_run.ps1","True",""
"analysis/05_026_trajectory_distance_final_fix_run.ps1","True",""
"analysis/05_027_fix_na_trajectory_run.ps1","True",""
"analysis/05_028_taxonomic_trajectory_divergence_analysis_run.ps1","True",""
"analysis/05_029_trajectory_distance_method_fix_run.ps1","True",""
"analysis/05_030_signed_trajectory_clustering_run.ps1","True",""
"analysis/05_031_eii_file_selection_fix_run.ps1","True",""
"analysis/05_032_eii_real_table_identification_run.ps1","True",""
"analysis/05_033_eii_xlsx_patient_search_run.ps1","True",""
"analysis/05_034_eii_all_format_discovery_run.ps1","True",""
"analysis/05_035_eii_code_history_search_run.ps1","True",""
"analysis/05_036_fix_eii_trajectory_integration_run.ps1","True",""
"analysis/05_037_patient_id_mapping_audit_run.ps1","True",""
"analysis/05_038_run_patient_mapping_reconstruction_run.ps1","True",""
"analysis/05_039_debug_path_check_run.ps1","True",""
"analysis/05_040_fix_always_output_run.ps1","True",""
"analysis/05_041_run_to_patient_mapping_run.ps1","True",""
"analysis/05_042_eii_trajectory_final_integration_run.ps1","True",""
"analysis/05_043_forced_run_bridge_run.ps1","True",""
"analysis/05_044_eii_trajectory_integration_run.ps1","True",""
"analysis/05_045_fix_patient_id_type_run.ps1","True",""
"analysis/05_046_trajectory_ecology_robustness_run.ps1","True",""
"analysis/05_047_cross_cohort_trajectory_polarity_robust_run.ps1","True",""
"analysis/05_048_step88b_estimand_reconciliation_run.ps1","True",""
"analysis/05_049_cross_cohort_trajectory_polarity_run.ps1","True",""
"analysis/05_050_longitudinal_evidence_freeze_run.ps1","True",""
"analysis/06_001_infection_source_excel_semantic_audit_run.ps1","True",""
"analysis/06_002_master_infection_source_project_resolution_run.ps1","True",""
"analysis/06_003_cra002354_rescue_and_readiness_audit_run.ps1","True",""
"analysis/06_004_infection_source_feasibility_audit_run.ps1","True",""
"analysis/06_005_cra002354_fasta_otu97_silva1382_run.ps1","True",""
"analysis/06_006_cra002354_ambiguity_resolution_otu97_run.ps1","True",""
"analysis/06_007_cra002354_fasta_write_fix_and_otu97_resume_run.ps1","True",""
"analysis/06_008_cra002354_nonchimeric_otu_table_and_rarefaction_fix_run.ps1","True",""
"analysis/06_009_cra002354_taxonomy_id_repair_run.ps1","True",""
"analysis/06_010_cra002354_formal_source_longitudinal_analysis_run.ps1","True",""
"analysis/06_011_94b2a2_cra002354_source_model_specification_freeze_run.ps1","True",""
"analysis/06_012_94b2a3_source_model_spec_qc_fix_run.ps1","True",""
"analysis/06_013_cra002354_source_model_design_prep_run.ps1","True",""
"analysis/06_014_cra002354_corrected_formal_source_longitudinal_analysis_run.ps1","True",""
"analysis/06_015_cra002354_final_source_longitudinal_analysis_and_freeze_run.ps1","True",""
"analysis/06_016_infection_source_evidence_freeze_run.ps1","True",""
"analysis/06_017_cra002354_exploratory_genus_source_analysis_run.ps1","True",""
"analysis/06_018_cra002354_genus_coverage_robustness_run.ps1","True",""
"analysis/06_019_cra002354_genus_evidence_freeze_run.ps1","True",""
"analysis/06_020_check_and_rerun_exploratory_genus_source_utility.ps1","True",""
"analysis/06_021_check_fasta_otu_resume_status_utility.ps1","True",""
"analysis/07_001_prjna1010969_complete_group_validation_run.ps1","True",""
"analysis/07_002_external_specificity_robustness_run.ps1","True",""
"analysis/07_003_external_validation_evidence_freeze_run.ps1","True",""
"analysis/07_004_prjna1010969_external_state_validation_run.ps1","True",""
"analysis/09_001_global_evidence_synthesis_source_anchor_fix_run.ps1","True",""
"analysis/09_002_global_evidence_synthesis_and_manuscript_map_run.ps1","True",""
"analysis/09_003_manuscript_source_pack_assembly_run.ps1","True",""
"analysis/09_004_manuscript_architecture_figure1_and_main_tables_run.ps1","True",""
"analysis/09_005_publication_figures_sourcepack_only_run.ps1","True",""
"analysis/09_006_final_figure_formatting_fix_run.ps1","True",""
"analysis/09_007_publication_ready_figures_and_table_placement_run.ps1","True",""
"analysis/09_008_table1_analysis_population_fix_and_results_run.ps1","True",""
"analysis/09_009_table1_and_results_draft_run.ps1","True",""
"analysis/09_010_results_and_table1_final_freeze_run.ps1","True",""
"analysis/09_011_results_and_table1_final_freeze_sentence_audit_run.ps1","True",""
"analysis/09_012_results_polish_and_table1_manuscript_freeze_run.ps1","True",""
"analysis/09_013_supplementary_tables_and_discussion_v1_run.ps1","True",""
"analysis/09_014_results_integration_run.ps1","True",""
"analysis/09_015_discussion_integration_run.ps1","True",""
"analysis/09_016_methods_source_verification_audit_run.ps1","True",""
"analysis/09_017_methods_manuscriptization_verified_run.ps1","True",""
"analysis/09_018_methods_final_manuscript_polish_run.ps1","True",""
"analysis/09_019_methods_manuscriptization_run.ps1","True",""
"analysis/09_020_figure3d_cross_cohort_reproducibility_final_run.ps1","True",""
"analysis/09_021_manuscript_core_assembly_and_gap_audit_run.ps1","True",""
"analysis/09_022_discussion_reference_resolution_run.ps1","True",""
"analysis/09_023_introduction_integration_run.ps1","True",""
"analysis/09_024_reference_format_polish_run.ps1","True",""
"analysis/09_025_final_reference_numbering_run.ps1","True",""
"analysis/09_026_final_manuscript_text_and_audit_corrected_run.ps1","True",""
"analysis/09_027_final_manuscript_text_and_audit_corrected2_run.ps1","True",""
"analysis/09_028_final_manuscript_text_and_audit_run.ps1","True",""
"analysis/09_029_export_submission_bundle.ps1","True",""
"analysis/09_030_stage_figure3_assets_revision_02_utility.ps1","True",""
"analysis/09_031_stage_self_contained_figure3_assets_utility.ps1","True",""
"analysis/09_032_stage_figure3_assets_utility.ps1","True",""
"analysis/11_001_get_vsearch_2_31_0_utility.ps1","True",""
"analysis/direction_analysis/08_101_run_feasibility_workflow.ps1","True",""
"analysis/direction_analysis/08_102_run_direction_workflow.ps1","True",""
"tools/05_run_prepared_terminal_chain.ps1","True",""
