phase,phase_name,order,kind,old_path,new_path,original_sha256
01,metadata_reconciliation,001,historical_program,analysis/60_build_v2_project_inventory.ps1,analysis/01_001_build_project_inventory.ps1,c6ca4d2c8e1959381f5fd8d6b04bff7017592b198d09e4abc1efa8f416512cde
01,metadata_reconciliation,002,historical_program,analysis/61_profile_v2_metadata.py,analysis/01_002_profile_metadata.py,6294d059e690f6349bbc0d9cb95b12da5d0a3d964bcc29d48c5e023dfdf612d4
01,metadata_reconciliation,003,historical_program,analysis/61_profile_v2_metadata_V2.py,analysis/01_003_profile_metadata_revision_02.py,52ac988d77661f4f8750e1384e5aee089069f57422ca3a5f4bd554bb030560a8
01,metadata_reconciliation,004,historical_program,analysis/63_fetch_v2_public_metadata.py,analysis/01_004_fetch_public_metadata.py,e46501f7f760ee411319508aaf9d994aa7bc1751739e39cda0e4b88474e50997
01,metadata_reconciliation,005,historical_program,analysis/64_fetch_missing_public_resources.py,analysis/01_005_fetch_missing_public_resources.py,c45274133eb92c8baaf593f9fa2947a87ca9abf98e5148654519ab130aba6836
01,metadata_reconciliation,006,historical_program,analysis/65_audit_v2_metadata_coverage.py,analysis/01_006_audit_metadata_coverage.py,5722dd7c30d5ba685364977c274b4891801454f25fcfdc0b9ef47d0eac5554b5
01,metadata_reconciliation,007,historical_program,analysis/65_audit_v2_metadata_coverage.R,analysis/01_007_audit_metadata_coverage.R,31f9d2463f919cfecf67883ab96c86ccf4b6df3f6d236ddab2aa5c67957652ca
01,metadata_reconciliation,008,historical_program,analysis/66_build_sample_patient_time_map.R,analysis/01_008_build_sample_patient_time_map.R,88ae347d7b37417a63f863bf3f8ad8fce6fb188a520e49c8c66f19fb33271dc6
01,metadata_reconciliation,009,historical_program,analysis/67_repair_and_adjudicate_v2_mapping.R,analysis/01_009_repair_and_adjudicate_mapping.R,215ac4840df5013a17813eb7977bc3661d6cf0cc3d1b6839485f58705b73cecd
01,metadata_reconciliation,010,historical_program,analysis/68_resolve_remaining_public_metadata.R,analysis/01_010_resolve_remaining_public_metadata.R,56be99499de13511fd25f791eb07cd79e58f2e3844912b56e7a2d74a9b373632
01,metadata_reconciliation,011,historical_program,analysis/69_final_public_metadata_rescue.R,analysis/01_011_final_public_metadata_rescue.R,d9dd31d4025d2057c666814c6b7aa5fcf4d3237fe8dd2e2688e3b13259768856
01,metadata_reconciliation,012,historical_program,analysis/70_finalize_PRJEB82425_PRJEB67798_mapping.R,analysis/01_012_finalize_prjeb82425_prjeb67798_mapping.R,16e325a8a643644d4d5b8e9a9eaaf2bed86baa9e80d7d65d7705f94addf20b9c
01,metadata_reconciliation,013,historical_program,analysis/70B_finish_exact_metadata_mapping.R,analysis/01_013_finish_exact_metadata_mapping.R,d047ce5d2079aaa0cf0b52473675ba8ed1c217275c0f9bec7fd204296e37abb8
01,metadata_reconciliation,014,historical_program,analysis/71_classify_PRJEB82425_body_site_from_FASTQ.R,analysis/01_014_classify_prjeb82425_body_site_from_fastq.R,240ba3b6d6a93466839cf6ca1e813678f400e03c8d887cea3fcffb0a1594793c
01,metadata_reconciliation,015,historical_program,analysis/71B_finalize_PRJEB82425_body_site.R,analysis/01_015_finalize_prjeb82425_body_site.R,44fb2660b8078867e9dda63ae3b2d0729158cd261bf990092ecbdbfdc4932107
01,metadata_reconciliation,016,historical_program,analysis/72_build_v2_master_metadata.R,analysis/01_016_build_master_metadata.R,aa82d61a7f2c7953e840c8dc0d154bda63c0498d493df02b6f45163166bb19e1
01,metadata_reconciliation,017,historical_program,analysis/73_merge_legacy_into_v2_full_master.R,analysis/01_017_merge_legacy_into_full_master.R,89b1c35ad8465a38c47e06bdb0524198daaab0e0fb90432b8414ff1bec625cd7
01,metadata_reconciliation,018,historical_program,analysis/74_audit_v2_longitudinal_eligibility.R,analysis/01_018_audit_longitudinal_eligibility.R,42a5eb498b17f6dc8db248d82c2edd467b0a301ba0242ae9d460f80013ece2e9
01,metadata_reconciliation,019,historical_program,analysis/75_triage_missing_v2_projects.R,analysis/01_019_triage_missing_projects.R,61cb288af9ce84d2096e84cfaeb9ce2618ae4a9e754f6438b4385c3dbafca6b7
01,metadata_reconciliation,020,historical_program,analysis/76_rescue_high_value_missing_cohorts.R,analysis/01_020_rescue_high_value_missing_cohorts.R,1641b6985acafb032c5e0311ef3d94622b600408b98c80fa19daa6a47221bb81
01,metadata_reconciliation,021,historical_program,analysis/76B_continue_high_value_metadata_rescue.R,analysis/01_021_continue_high_value_metadata_rescue.R,4ae2b92012dd8cff691b7127f71a90185ae0b5ad161d590a9ad430a794b633ff
01,metadata_reconciliation,022,historical_program,analysis/76C_continue_high_value_metadata_rescue_FIXED.R,analysis/01_022_continue_high_value_metadata_rescue_corrected.R,6352a2619f089defccfbabeceb856263ca4cfedcd3a78f0d948302f66f4c06bc
01,metadata_reconciliation,023,historical_program,analysis/76D_continue_high_value_metadata_rescue_FIXED.R,analysis/01_023_continue_high_value_metadata_rescue_corrected_revision_02.R,00cbc89ed25ac00c9bb041fb895a12766e7b2f0a5de697466aa26385148ba59e
01,metadata_reconciliation,024,historical_program,analysis/77_finalize_68229_adjudicate_1125274.R,analysis/01_024_finalize_68229_adjudicate_1125274.R,40357d75f2172122d32592b0a91745aa55df9e3b44c8eeeb6c57a5a5e4330f30
01,metadata_reconciliation,025,historical_program,analysis/78A2_robust_rescue_PRJNA851469_CRA002354.R,analysis/01_025_robust_rescue_prjna851469_cra002354.R,6bc965c5aa8c370044ad329ae7411813c5a6c5e5780c22688d99508750402c22
01,metadata_reconciliation,026,historical_program,analysis/78A_rescue_PRJNA851469_CRA002354.R,analysis/01_026_rescue_prjna851469_cra002354.R,e678a958b4b0ba42e96eb969e8fe1a855f2fc5660ca47f1ae9855523d2b41cb0
01,metadata_reconciliation,027,historical_program,analysis/79_parse_PRJNA851469_CRA002354_metadata_OFFLINE.R,analysis/01_027_parse_prjna851469_cra002354_metadata_offline.R,03bd7c887112dd876e0d6c3828d8617e32a4a487d49916ce9875724013a88235
01,metadata_reconciliation,028,historical_program,analysis/80_finalize_CRA002354_PRJNA851469_metadata_OFFLINE.R,analysis/01_028_finalize_cra002354_prjna851469_metadata_offline.R,87fec52d339979cdff5624e543824233acf9400e542e9ac9f7940a3da46de936
01,metadata_reconciliation,029,historical_program,analysis/80B_finalize_core_metadata_ROBUST_OFFLINE.R,analysis/01_029_finalize_core_metadata_robust_offline.R,4c10d89fc34075b8a02a75c3bae08b40d45177085768329df7341506c3b583da
01,metadata_reconciliation,030,historical_program,analysis/80C_fix_CRA_clinical_and_map_runs_OFFLINE.R,analysis/01_030_fix_cra_clinical_and_map_runs_offline.R,999a77314c2266602b6b1159ad85e0d6c6dc0f6be0ae2aece07dcb149a1dd4ff
01,metadata_reconciliation,031,historical_program,analysis/80D_finalize_run_mapping_OFFLINE.R,analysis/01_031_finalize_run_mapping_offline.R,049ee1ccbdd905d593098ea745038f97e60cc12b23a608a4c19aad82c2ae0acc
01,metadata_reconciliation,032,historical_program,analysis/80E_strict_final_technical_mapping_OFFLINE.R,analysis/01_032_strict_final_technical_mapping_offline.R,836fbd1f40ca5d344698c43642d411af9af838d3bc844acdddaff3d24c10b1bb
01,metadata_reconciliation,033,historical_program,analysis/80F_exact_final_mapping_OFFLINE.R,analysis/01_033_exact_final_mapping_offline.R,9b7136fe47ad78af4daec7ad72ecc1f7c522ce926b30c6dd92b1fc8b7dc4b0c1
01,metadata_reconciliation,034,historical_program,analysis/81_build_FINAL_frozen_master_and_audit.R,analysis/01_034_build_final_frozen_master_and_audit.R,a5b3c1ea75e51cefcc8fd06d249f34455788fd4c30e9626f357bde40a7d6ad62
01,metadata_reconciliation,035,historical_program,analysis/81B_build_FINAL_frozen_master_ROBUST.R,analysis/01_035_build_final_frozen_master_robust.R,7b308c4bad01c56a89df3808bbd400a4704a9edcce184397fc0a2fe42e70e994
01,metadata_reconciliation,036,historical_program,analysis/81C_correct_FINAL_cohort_freeze.R,analysis/01_036_correct_final_cohort_freeze.R,f3dafa7ab16064c968d30a464058aa2fabbc1ab754ba21d87b6787ef1124b15d
01,metadata_reconciliation,037,historical_program,analysis/81D_repair_CRA_clinical_and_refreeze.R,analysis/01_037_repair_cra_clinical_and_refreeze.R,d361a6ccda1296a7b1de4ff0d3a36239e09e5635095dfa135863497275b9ce5d
02,sequence_processing,001,historical_program,analysis/82_audit_ASV_and_raw_sequence_readiness.R,analysis/02_001_audit_asv_and_raw_sequence_readiness.R,6531a598e12e57b25dcb35e04017e81f30b76bf16be25f6f5a16fb4c316d4d8d
02,sequence_processing,002,historical_program,analysis/82B_validate_reusable_ASV_and_processing_routes.R,analysis/02_002_validate_reusable_asv_and_processing_routes.R,e986b2780322e01893cf2e6c0c5c7e3f0f3b7b0fff579cd243534092f6475095
02,sequence_processing,003,historical_program,analysis/82C_freeze_sequence_processing_routes.R,analysis/02_003_freeze_sequence_processing_routes.R,0fd22c4858249156774905f3de04504f4bdac658a3ed6ea9713e7d80fad69d00
02,sequence_processing,004,historical_program,analysis/83A_build_canonical_analysis_workspace.R,analysis/02_004_build_canonical_analysis_workspace.R,06a80c02c744da2556d84cd71c6b7e40f638b10a9ac80a55382297af90308ab1
02,sequence_processing,005,historical_program,analysis/83B_audit_read_quality_primer_from_canonical_workspace.R,analysis/02_005_audit_read_quality_primer_from_canonical_workspace.R,e9f1939f11cc39358ce4965bb91577356a01619a527d5d2ccc6cd5a5216fb813
02,sequence_processing,006,historical_program,analysis/83C_freeze_platform_aware_DADA2_pilot_parameters.R,analysis/02_006_freeze_platform_aware_dada2_pilot_parameters.R,a77703693d314c18ed27ffef731a3e3639b696d2855ec3ed3ee790596f83daab
02,sequence_processing,007,historical_program,analysis/84A2_retry_PRJNA1166732_merge_overlap_diagnostic.R,analysis/02_007_retry_prjna1166732_merge_overlap_diagnostic.R,24f8603d0653d0db01f44b31a4de4135974b5f9e454b208d0182f86a914db44d
02,sequence_processing,008,historical_program,analysis/84A_run_5sample_DADA2_pilot.R,analysis/02_008_run_5sample_dada2_pilot.R,71bcb0798b45e44354649607e0cb531433b55e7c830048dcb5c933d5262c3fe6
02,sequence_processing,009,historical_program,analysis/84B3_PRJNA578267_samplewise_resume.R,analysis/02_009_prjna578267_samplewise_resume.R,78b14135459b30fee85bc5996d61cc39f9442a0fc728bf04c6cba386cf636a30
02,sequence_processing,010,historical_program,analysis/84B4A_PRJNA578267_build_prechim_batched.R,analysis/02_010_prjna578267_build_prechim_batched.R,47b28a4c51a06796518492961e6b6dfa0551a890680c7097e572572e4626e5c6
02,sequence_processing,011,historical_program,analysis/84B4B_PRJNA578267_remove_chimera_minParent8.R,analysis/02_011_prjna578267_remove_chimera_minparent8.R,352796d957bf67a9d653536a89156f2410ab80abf08b2961ec53aa1d87482326
02,sequence_processing,012,historical_program,analysis/84B_resume_parallel_manager.ps1,analysis/02_012_resume_parallel_manager.ps1,63a3acb01aa7c1a0fbc93f4317351e6e55cbfd4ccf157ce2e117d2ec6701fc1e
02,sequence_processing,013,historical_program,analysis/84B_run_full_cohort_DADA2.R,analysis/02_013_run_full_cohort_dada2.R,7b84a1c2e6d324b354071237c91f31a5cdca852976164d497ee4ce43d019ed05
02,sequence_processing,014,historical_program,analysis/84C_finalize_PRJNA516701_and_close_paired_DADA2_batch.R,analysis/02_014_finalize_prjna516701_and_close_paired_dada2_batch.R,a7cdc3dfadc6f93996d7a600e857b5d87e4e2e0d190080e11faea730b5742f2d
02,sequence_processing,015,historical_program,analysis/85A2_assign_SILVA1382_taxonomy_FIXED_MD5.R,analysis/02_015_assign_silva1382_taxonomy_corrected_md5.R,1791dac70b46924537f0a3e5736f32ec70ead2ccdc44598f5918fc44dcb784ba
02,sequence_processing,016,historical_program,analysis/85A3_assign_SILVA1382_taxonomy_ZENODO_FIXED.R,analysis/02_016_assign_silva1382_taxonomy_zenodo_corrected.R,931c93313f8dfc66b4a316dd2f4ebd9628372bc02592166b0f033ad3dbaa4e50
02,sequence_processing,017,historical_program,analysis/85A_assign_SILVA1382_taxonomy_to_selected_ASVs.R,analysis/02_017_assign_silva1382_taxonomy_to_selected_asvs.R,62dbccdd5bcfb6e57a80c44d41b9dfae98e42cc1f6b235430130f76ebc451f12
02,sequence_processing,018,historical_program,analysis/85B2_taxonomy_QC_and_depth_audit_FIXED.R,analysis/02_018_taxonomy_qc_and_depth_audit_corrected.R,dd2f4fcdbb8a706841a33181ef7f8bb3490e845765a9deb766ea265271e6a8c0
02,sequence_processing,019,historical_program,analysis/85B_taxonomy_QC_and_depth_audit.R,analysis/02_019_taxonomy_qc_and_depth_audit.R,d56a7b259af049ecf1ae8ed370f104940ab9be891e1f00439f8e7976f4cc4330
02,sequence_processing,020,historical_program,analysis/85C_86A_freeze_taxonomy_filter_and_audit_longitudinal_depth.R,analysis/02_020_freeze_taxonomy_filter_and_audit_longitudinal_depth.R,2b4adf571faee62678e5b2487b03bd3fff5c6763f5aa2a7ef1dff65b2236a294
02,sequence_processing,021,historical_program,analysis/86B_correct_depth_audit_and_freeze_min2000.R,analysis/02_021_correct_depth_audit_and_freeze_min2000.R,84b80b7edc17d4f03b4fb2d5d5e35f71b5abde5a960241a4c58086a7becf8784
03,longitudinal_ecology,001,historical_program,analysis/87A2_rebuild_full_analysis_metadata_and_replicate_audit_FIXED.R,analysis/03_001_rebuild_full_analysis_metadata_and_replicate_audit_corrected.R,e3de9bf02583a76449c7aaf3501587cc786105ee9d7abdc07db794e02480e73a
03,longitudinal_ecology,002,historical_program,analysis/87A_rebuild_full_analysis_metadata_and_replicate_audit.R,analysis/03_002_rebuild_full_analysis_metadata_and_replicate_audit.R,25c1d55750cf90e61dd4d8805cef31fee854da24e676540216f0a22e8078fa8b
03,longitudinal_ecology,003,historical_program,analysis/87B_freeze_replicate_rule_and_build_analysis_objects.R,analysis/03_003_freeze_replicate_rule_and_build_analysis_objects.R,8cd483055037419fe4027f73a8d3386621731440011f2fc437327a3ad800dde3
03,longitudinal_ecology,004,historical_program,analysis/88A2_longitudinal_diversity_and_displacement_FIXED.R,analysis/03_004_longitudinal_diversity_and_displacement_corrected.R,d311e4ce6d98d20ccecc52b675f065e53aa51287435373552029fd2ba4345396
03,longitudinal_ecology,005,historical_program,analysis/88A_longitudinal_diversity_and_displacement.R,analysis/03_005_longitudinal_diversity_and_displacement.R,f072c4a8afef6787474f24c3c1c68104ce3a987b303c69d11d0d99948f43afe0
03,longitudinal_ecology,006,historical_program,analysis/88B_anchor_robustness_and_paired_contrasts.R,analysis/03_006_anchor_robustness_and_paired_contrasts.R,86279f5b3042b01163169f9e44d3cc84cbea1f0e2f745577c24699bcbe70466b
03,longitudinal_ecology,007,historical_program,analysis/89A2_taxonomic_paired_trajectory_screen_FIXED.R,analysis/03_007_taxonomic_paired_trajectory_screen_corrected.R,b2e42e46ca326dbdf0c7d178dea3a5a2bf6002a74f58c49c2d3114eaaa51f048
03,longitudinal_ecology,008,historical_program,analysis/89A_taxonomic_paired_trajectory_screen.R,analysis/03_008_taxonomic_paired_trajectory_screen.R,863419076b4defc7625a9ec7de270776607c55566b61c0183fb36d2aa0941782
03,longitudinal_ecology,009,historical_program,analysis/89B_taxonomic_robustness_and_provenance.R,analysis/03_009_taxonomic_robustness_and_provenance.R,cdcc9dda810682dfb86e38f1c7e55e532ae6899612bf391ecefb99d973e4a2bc
03,longitudinal_ecology,010,historical_program,analysis/90A_ecological_robustness_and_shared_taxonomy.R,analysis/03_010_ecological_robustness_and_shared_taxonomy.R,9f66a412fc30710b06c7b4b64afcbf85a4c6b67e9ae37bd17758c85086039eb0
03,longitudinal_ecology,011,historical_program,analysis/90B_corrected_coherence_inference.R,analysis/03_011_corrected_coherence_inference.R,82c70c2974737933a95bc96501e3e4c243768eaa945895c0cfdc13bebbec5d44
04,clinical_context,001,historical_program,analysis/91A_infection_source_feasibility_audit.R,analysis/04_001_infection_source_feasibility_audit.R,881e4891d83bc38591685be26cd4048aee30e58a1afcf99bcf5d7fac17bc6a6f
04,clinical_context,002,historical_program,analysis/91B2_infection_source_freeze_and_analysis_FIXED.R,analysis/04_002_infection_source_freeze_and_analysis_corrected.R,b50811c700433661d308de6af05a6d51ac0656c3954fc556384798822a462e81
04,clinical_context,003,historical_program,analysis/91B3_infection_source_freeze_and_analysis_FIELD_COLLISION_FIXED.R,analysis/04_003_infection_source_freeze_and_analysis_field_collision_corrected.R,ae1ab0d6d7448b2364c8412bbc9cf1d5ead652783a25db85690ea2c2d6c5a882
04,clinical_context,004,historical_program,analysis/91B4_infection_source_freeze_and_analysis_ATTRITION_FIXED.R,analysis/04_004_infection_source_freeze_and_analysis_attrition_corrected.R,03512d389cd6d57ebce977754ed0ddc7d781a75f15799bb089886bbc35de1bc6
04,clinical_context,005,historical_program,analysis/91B_infection_source_freeze_and_analysis.R,analysis/04_005_infection_source_freeze_and_analysis.R,9600036d52e5dc226569a985c8baf516b1415fcaeace32857a82b3f621cfe95e
04,clinical_context,006,historical_program,analysis/V2_36_metadata_enhancement_audit.R,analysis/04_006_metadata_enhancement_audit.R,32b78bcc3f8c7b44586e9c73ed4d5263f8709d71c76de946f986d9d33f818bc8
04,clinical_context,007,historical_program,analysis/V2_36B_clinical_metadata_deep_audit.R,analysis/04_007_clinical_metadata_deep_audit.R,27a67bdc93ca69272fe060f4f18808977aa5fbc0a29c2cda7d733fad6aafbb2c
04,clinical_context,008,historical_program,analysis/V2_36C_clinical_variable_characterization.R,analysis/04_008_clinical_variable_characterization.R,b5933fb8e355814762e607cd9c4936404284ee90a662eea2900d29feef079fb6
04,clinical_context,009,historical_program,analysis/V2_36D_value_level_clinical_feasibility.R,analysis/04_009_value_level_clinical_feasibility.R,45e4e82914ca76cd696e6094900fe1ac3ef3734f9819cb05d3a9d8e52855044e
04,clinical_context,010,historical_program,analysis/V2_36E2_raw_clinical_metadata_recovery_audit_fixed.R,analysis/04_010_raw_clinical_metadata_recovery_audit_corrected.R,616238910bb48ddea8b0be7992749589bdb8b18d81726018e8e9df5ff47c285b
04,clinical_context,011,historical_program,analysis/V2_36E_raw_clinical_metadata_recovery_audit.R,analysis/04_011_raw_clinical_metadata_recovery_audit.R,2591e8814bb5543538680c2491d1c5feb432e3b769a5bcc5a85802bbedcee5ad
04,clinical_context,012,historical_program,analysis/V2_36F_PRJNA851469_clinical_recovery_linkage.R,analysis/04_012_prjna851469_clinical_recovery_linkage.R,44368497d6dccd323b49b9ec83c3aa26ab5e79a8d1020cdd1ea6684a2a8e07d3
04,clinical_context,013,historical_program,analysis/V2_36G2_PRJNA851469_day3_clinical_outcome_models_FIXED.R,analysis/04_013_prjna851469_day3_clinical_outcome_models_corrected.R,ec20b265a6f9736e14c56dd44814dc70dd0d8526faca4857e633e4d55abaa5b5
04,clinical_context,014,historical_program,analysis/V2_36G_PRJNA851469_day3_clinical_outcome_models.R,analysis/04_014_prjna851469_day3_clinical_outcome_models.R,6d94c8206aaf5424d25cdc1bb205b5771020f1441ef4a01871b8a6b8ec2f0e2c
04,clinical_context,015,historical_program,analysis/V2_36H_cross_cohort_taxonomic_reproducibility_audit.R,analysis/04_015_cross_cohort_taxonomic_reproducibility_audit.R,3b26daf7adadd37a92cb763796d884f2d9dd399a9dd9e468d2f2e84c6e9cb4d2
04,clinical_context,016,historical_program,analysis/V2_36I2_comparison_selection_fix.R,analysis/04_016_comparison_selection_fix.R,46015dcd607e3c435dd03d75d5ee6c456c52b0ebdc91658e5fad2d598354915a
04,clinical_context,017,historical_program,analysis/V2_36I3_cross_cohort_taxonomic_reproducibility_FINAL.R,analysis/04_017_cross_cohort_taxonomic_reproducibility_final.R,1d93d2a5cd968f36457fd4e533769be70cf56f15c8bc124a74a5a40603dcbdb5
04,clinical_context,018,historical_program,analysis/V2_36I_cross_cohort_taxonomic_reproducibility.R,analysis/04_018_cross_cohort_taxonomic_reproducibility.R,2bb5d8c3ec89c4700e75bb077a8851e0824bfef89c6b504458646428dd6a3b37
04,clinical_context,019,historical_program,analysis/V2_36J_microbiome_enhancement_evidence_freeze.R,analysis/04_019_microbiome_enhancement_evidence_freeze.R,c3293da5696f005b6a6803e1f129efc76b29a5dfdb35d5a485628a1497dbba00
05,taxonomic_trajectories,001,historical_program,analysis/92A_EII_feasibility_audit.R,analysis/05_001_eii_feasibility_audit.R,c67b7cabe9e324c97d9ef54d8e4b1ede0d33be76e7862430043587bcc8c580f8
05,taxonomic_trajectories,002,historical_program,analysis/92B2_EII_baseline_harmonization_fixed.R,analysis/05_002_eii_baseline_harmonization_corrected.R,3f6123044ee5b985ccd042e78cd0c71eda73f4006029b44fe8630e3aaaef87ee
05,taxonomic_trajectories,003,historical_program,analysis/92B_EII_construction.R,analysis/05_003_eii_construction.R,89622c12e1000025e910c02fd4a28a2f299dc75089bd87fcb3c4f8f5308af813
05,taxonomic_trajectories,004,historical_program,analysis/92C_EII_cross_cohort_validation.R,analysis/05_004_eii_cross_cohort_validation.R,b89722b3ca1abb01fa24eb8d443c3c904988865d5a080fc2bfb0f9016f40285a
05,taxonomic_trajectories,005,historical_program,analysis/92D_EII_stability_comparison.R,analysis/05_005_eii_stability_comparison.R,613d91d5cffe5f5dcd6e4579c5d4dcbf8baebcc097fe7bac5b7a2ee432db439d
05,taxonomic_trajectories,006,historical_program,analysis/93A_taxonomic_heterogeneity_vs_EII.R,analysis/05_006_taxonomic_heterogeneity_vs_eii.R,0177a0c18837c4ef710342ec0e3c84b47597c3c473f3b4da5a1eb2c393a25cfe
05,taxonomic_trajectories,007,historical_program,analysis/93B_taxonomic_trajectory_heterogeneity.R,analysis/05_007_taxonomic_trajectory_heterogeneity.R,dd5e382b7ee32eddbc568b7c1c941ae6288c3d52024ae6c55b8388182cc851e6
05,taxonomic_trajectories,008,historical_program,analysis/93C_taxonomic_divergence_vs_EII.R,analysis/05_008_taxonomic_divergence_vs_eii.R,e480911b6cb9cb78900b1718bb1f25572b7e86e40314bf8ebe3cb0ba3401080f
05,taxonomic_trajectories,009,historical_program,analysis/93D_taxonomic_heterogeneity_index.R,analysis/05_009_taxonomic_heterogeneity_index.R,f5def258b12533aa13aa307ba949f2189c0552dd91102d8de43005cb675b175d
05,taxonomic_trajectories,010,historical_program,analysis/93E_taxonomic_trajectory_divergence.R,analysis/05_010_taxonomic_trajectory_divergence.R,048842b708091603b96c480cf936a0ffe3f4cd16e1a8ba0de903966394f51dad
05,taxonomic_trajectories,011,historical_program,analysis/93F_taxonomic_heterogeneity_calculation.R,analysis/05_011_taxonomic_heterogeneity_calculation.R,156edda223edaa443a731dff85d35b9aacea30bfc98639a0498ef3ef545c6ecd
05,taxonomic_trajectories,012,historical_program,analysis/93G_taxonomic_trajectory_divergence.R,analysis/05_012_taxonomic_trajectory_divergence_revision_02.R,51051d52c0fec637baedaf696c3f7714d8df1924c63bf4dda6378d482efed6f3
05,taxonomic_trajectories,013,historical_program,analysis/93H_taxonomic_trajectory_distance.R,analysis/05_013_taxonomic_trajectory_distance.R,3df9771b8a21952f2f3173725a4fa06f553c1d63722f92d2d28a49aa83fa3674
05,taxonomic_trajectories,014,historical_program,analysis/93I_taxonomic_matrix_selection_fix.R,analysis/05_014_taxonomic_matrix_selection_fix.R,2528dce32650eaa765c92369271941aa37251822d956ab0c810120d89be3cb14
05,taxonomic_trajectories,015,historical_program,analysis/93J_raw_abundance_matrix_discovery.R,analysis/05_015_raw_abundance_matrix_discovery.R,b720603f1a1affb4a6bee8d935649b486ecaffdc1d627a631b12204eecc6a495
05,taxonomic_trajectories,016,historical_program,analysis/93K_genus_matrix_validation.R,analysis/05_016_genus_matrix_validation.R,f3547de004667aa8f8e62d809610995a1625cda91e05cce7390c17d692cba374
05,taxonomic_trajectories,017,historical_program,analysis/93L_taxonomic_trajectory_reconstruction.R,analysis/05_017_taxonomic_trajectory_reconstruction.R,c2a12309daf9af0d25e44dfb640c5f8a1dc7375e4ca7825042d0acca90dc5b3b
05,taxonomic_trajectories,018,historical_program,analysis/93M_download_metadata_from_NCBI.R,analysis/05_018_download_metadata_from_ncbi.R,849976641d08b35fbb4516f28c49892df8e3e2d67652b004cab1e3554dc866af
05,taxonomic_trajectories,019,historical_program,analysis/93N2_metadata_autodiscovery.R,analysis/05_019_metadata_autodiscovery.R,9308d4843612e578057ea0a7b9afd525b197f93b4685bcb313abdf00fee2a58c
05,taxonomic_trajectories,020,historical_program,analysis/93N3_metadata_strict_mapping.R,analysis/05_020_metadata_strict_mapping.R,22a604bea3fb89df7a05e9ed3d7d7b635540666241984c3846cd48a19c8caa34
05,taxonomic_trajectories,021,historical_program,analysis/93N4_patient_timepoint_reconstruction.R,analysis/05_021_patient_timepoint_reconstruction.R,cc0fa58db26f7864cf74aaf9003cf1d92fda543c9b442080187f49863a272dad
05,taxonomic_trajectories,022,historical_program,analysis/93N_sample_mapping_build.R,analysis/05_022_sample_mapping_build.R,535dc0d55dc033ca3211c8ddc35cde970c6918fd5c1740c6776205c031558605
05,taxonomic_trajectories,023,historical_program,analysis/93O_taxonomic_abundance_metadata_integration.R,analysis/05_023_taxonomic_abundance_metadata_integration.R,e043ad951ebf0d035e7460a9a3ae90bfc9098ef4599a05dbb51aa1b32e82d550
05,taxonomic_trajectories,024,historical_program,analysis/93P_longitudinal_taxonomic_trajectory_analysis.R,analysis/05_024_longitudinal_taxonomic_trajectory_analysis.R,f30323d1dc1b88cd9374951c643f3b3de36c12603b24ceeeed3fb4d87b13761e
05,taxonomic_trajectories,025,historical_program,analysis/93Q_trajectory_patient_id_reconstruction_fix.R,analysis/05_025_trajectory_patient_id_reconstruction_fix.R,bfd497602de50f79a8cc751620c58d24a024f9b684006bbf8bc36115393f7ac3
05,taxonomic_trajectories,026,historical_program,analysis/93R2_trajectory_distance_final_fix.R,analysis/05_026_trajectory_distance_final_fix.R,9f25a6440521a411c0e7463a0fd3354f9ca9fff94d74c4161c0047520002e26e
05,taxonomic_trajectories,027,historical_program,analysis/93R_fix_na_trajectory.R,analysis/05_027_fix_na_trajectory.R,849c791f1686a97c33927843759b336e0e7c88b6ffcdaa5e5053201c6872232b
05,taxonomic_trajectories,028,historical_program,analysis/93R_taxonomic_trajectory_divergence_analysis.R,analysis/05_028_taxonomic_trajectory_divergence_analysis.R,a62bfe0f8482ea2f2ef2f1fb0305595f9b992d3a63101d713bc7c38726257cb5
05,taxonomic_trajectories,029,historical_program,analysis/93S2_trajectory_distance_method_fix.R,analysis/05_029_trajectory_distance_method_fix.R,1c4402b7dbc99ca75b0e284ed6059ed95b2aeb48fe0fb799aa8e1338c1c3d3f4
05,taxonomic_trajectories,030,historical_program,analysis/93S_signed_trajectory_clustering.R,analysis/05_030_signed_trajectory_clustering.R,e86b908053279b9680e4e3d6c1f9c42d18582b5d8e229bc15e9996b92ab3aa26
05,taxonomic_trajectories,031,historical_program,analysis/93T2_EII_file_selection_fix.R,analysis/05_031_eii_file_selection_fix.R,6419527b34511de8689f124168c3375f68c00b97866a0dc86661778854c27860
05,taxonomic_trajectories,032,historical_program,analysis/93T3_EII_real_table_identification.R,analysis/05_032_eii_real_table_identification.R,64224358692c0343e6670e7bfaf58e649b72c21dca596efe665a8254f9bf25c9
05,taxonomic_trajectories,033,historical_program,analysis/93T4_EII_xlsx_patient_search.R,analysis/05_033_eii_xlsx_patient_search.R,4c4407146a1a0568d69cd20796948ad95936b3577346bcc6387cec2d78b2992e
05,taxonomic_trajectories,034,historical_program,analysis/93T5_EII_all_format_discovery.R,analysis/05_034_eii_all_format_discovery.R,3c7bf01c835565232b0296704a7d984976653f85a35ebcf9b4442b994a8545f3
05,taxonomic_trajectories,035,historical_program,analysis/93T6_EII_code_history_search.R,analysis/05_035_eii_code_history_search.R,71aeb290ffbd59c534eb8ee2c6d488c8e641123a174062a8f94559752e88cb0e
05,taxonomic_trajectories,036,historical_program,analysis/93T6_fix_eii_trajectory_integration.R,analysis/05_036_fix_eii_trajectory_integration.R,305b29aa23da7d9b2b16cda5c8126b6a0a208228d5b1ae3a7410fe14175d5dd0
05,taxonomic_trajectories,037,historical_program,analysis/93T7_patient_ID_mapping_audit.R,analysis/05_037_patient_id_mapping_audit.R,86dda3085f33e30cc38c1c057d78f1680a2cf2409bbd7b5f0d5fe3ce47e3279c
05,taxonomic_trajectories,038,historical_program,analysis/93T8_run_patient_mapping_reconstruction.R,analysis/05_038_run_patient_mapping_reconstruction.R,4af6cb3dfc25da3cd2a75de76dde2ee1a1049379e94f1fedb644af123a54e68d
05,taxonomic_trajectories,039,historical_program,analysis/93T9_debug_path_check.R,analysis/05_039_debug_path_check.R,33810c77cf636a979e0e00bb5a43322224f6f9ce4fbbb3a4dbeadcf73f668d58
05,taxonomic_trajectories,040,historical_program,analysis/93T9_fix_always_output.R,analysis/05_040_fix_always_output.R,53ab36f87e1504916594f394393cc026e1ce7e15e2132683788be12a9c446f60
05,taxonomic_trajectories,041,historical_program,analysis/93T9_run_to_patient_mapping.R,analysis/05_041_run_to_patient_mapping.R,2534ef6dfdf1904802816194e7061409affe10ead8d0109a4d3d0bcdbc3536ad
05,taxonomic_trajectories,042,historical_program,analysis/93T10_EII_trajectory_final_integration.R,analysis/05_042_eii_trajectory_final_integration.R,628413edcec87740d1985269323b85a34935e678cf5b9dc70e09e0d820b6f9df
05,taxonomic_trajectories,043,historical_program,analysis/93T10B_forced_run_bridge.R,analysis/05_043_forced_run_bridge.R,d859c64b09d6e944f5f662add2315ff2b00454643146f31346a76428f7a5ca0c
05,taxonomic_trajectories,044,historical_program,analysis/93T_EII_trajectory_integration.R,analysis/05_044_eii_trajectory_integration.R,52a0cee6e3040602824d95fcb9be529c89455cb40b4c9883eef4d79630cd1217
05,taxonomic_trajectories,045,historical_program,analysis/93T_fix_patient_id_type.R,analysis/05_045_fix_patient_id_type.R,657e4c0d4172c28d7ed8c289d990eb80d6a5f3695b2251e2c9ddb9501b720a87
05,taxonomic_trajectories,046,historical_program,analysis/93U_trajectory_ecology_robustness.R,analysis/05_046_trajectory_ecology_robustness.R,a297c90ea0f7f2aebdd6143ef522a65ab4c14571a2c77ade01b2e18c61c2b7e4
05,taxonomic_trajectories,047,historical_program,analysis/93V2_cross_cohort_trajectory_polarity_robust.R,analysis/05_047_cross_cohort_trajectory_polarity_robust.R,4c64797e4a2b7625ffda451603e45d73777d1a6e29120f3f3d65a0e52de1117d
05,taxonomic_trajectories,048,historical_program,analysis/93V3_step88B_estimand_reconciliation.R,analysis/05_048_step88b_estimand_reconciliation.R,d69e33218fde53de3f7df5992f264d14edc4080e82189b9d8b142bb08cff7791
05,taxonomic_trajectories,049,historical_program,analysis/93V_cross_cohort_trajectory_polarity.R,analysis/05_049_cross_cohort_trajectory_polarity.R,46cfaa2c80d435843c78f6843f68982c48bf028fd7483e032b7a73513ff4893e
05,taxonomic_trajectories,050,historical_program,analysis/93W_longitudinal_evidence_freeze.R,analysis/05_050_longitudinal_evidence_freeze.R,865cefea7cd75e4fa3788f36fa6b90a7b457814772824dc8893089c812d67d07
06,infection_source,001,historical_program,analysis/94A2_infection_source_excel_semantic_audit.R,analysis/06_001_infection_source_excel_semantic_audit.R,08c4052d73bfa0323db45656defd64c8d77c1d383f47405a8e36bfe418caf404
06,infection_source,002,historical_program,analysis/94A3_master_infection_source_project_resolution.R,analysis/06_002_master_infection_source_project_resolution.R,fd88f171af31c54be703fc6d9f4841ca8e8f0fa30ca9cb652050bb8f5aef8722
06,infection_source,003,historical_program,analysis/94A4_CRA002354_rescue_and_readiness_audit.R,analysis/06_003_cra002354_rescue_and_readiness_audit.R,08322f87b11f8121ce8efb1795640203a6f59fddcd3b47f29817a824e433634b
06,infection_source,004,historical_program,analysis/94A_infection_source_feasibility_audit.R,analysis/06_004_infection_source_feasibility_audit.R,fe579087dbcc17fb454c3f44b6685abe63585f59ae130834b634f30235ef33d9
06,infection_source,005,historical_program,analysis/94B1_CRA002354_fasta_otu97_silva1382.R,analysis/06_005_cra002354_fasta_otu97_silva1382.R,63d9ee74b2813a82afe47501a65ccf9191dc3b86d800b9ec2328d7e17e7af935
06,infection_source,006,historical_program,analysis/94B1A_CRA002354_ambiguity_resolution_otu97.R,analysis/06_006_cra002354_ambiguity_resolution_otu97.R,0f7609664594a08e44a840500bbc7c1a385a5b6215b8db2572f979d410c31118
06,infection_source,007,historical_program,analysis/94B1B_CRA002354_fasta_write_fix_and_otu97_resume.R,analysis/06_007_cra002354_fasta_write_fix_and_otu97_resume.R,33e44a7897f0d685c9a1c6486daccceff5234a3d95a298bdaed93b06fb69776b
06,infection_source,008,historical_program,analysis/94B1D_CRA002354_nonchimeric_otu_table_and_rarefaction_fix.R,analysis/06_008_cra002354_nonchimeric_otu_table_and_rarefaction_fix.R,10282c9f6c129031398ff0dadd0fa8052d0a3f31f3698a7b0a2e888919a05f4b
06,infection_source,009,historical_program,analysis/94B1E_CRA002354_taxonomy_id_repair.R,analysis/06_009_cra002354_taxonomy_id_repair.R,d3db37cf9decaf9d5bd3ddfb4badcb984788e02c75ea84ab6d55ff056a5d40ec
06,infection_source,010,historical_program,analysis/94B2_CRA002354_formal_source_longitudinal_analysis.R,analysis/06_010_cra002354_formal_source_longitudinal_analysis.R,34e1e1e3ea8fd339f451f03067c1db89002961889eb7eb08c473a5752a54fbcd
06,infection_source,011,historical_program,analysis/94B2A2_CRA002354_source_model_specification_freeze.R,analysis/06_011_94b2a2_cra002354_source_model_specification_freeze.R,57007246389e27feb355e9904b66122628306dec2c66934c839719560f4efa4b
06,infection_source,012,historical_program,analysis/94B2A3_source_model_spec_qc_fix.R,analysis/06_012_94b2a3_source_model_spec_qc_fix.R,710aaa68844b30b0b467e74b19aa2085d484c3e44dd02216c08608f73e833bfe
06,infection_source,013,historical_program,analysis/94B2A_CRA002354_source_model_design_prep.R,analysis/06_013_cra002354_source_model_design_prep.R,a402b52fcbb68071cb4bbda6114b8351474b559d221a887ddafb62ca4f0e824c
06,infection_source,014,historical_program,analysis/94B2B_CRA002354_corrected_formal_source_longitudinal_analysis.R,analysis/06_014_cra002354_corrected_formal_source_longitudinal_analysis.R,a4ef448ad5577f7b75f810c393e8d3a414fce93c9bd2803b71c2aff5c24a13e8
06,infection_source,015,historical_program,analysis/94B2C_CRA002354_final_source_longitudinal_analysis_and_freeze.R,analysis/06_015_cra002354_final_source_longitudinal_analysis_and_freeze.R,6047bd6d82ed8446ebbb53b1f734e8a40fb0e762226219e2ae5438883530f936
06,infection_source,016,historical_program,analysis/94B2D_infection_source_evidence_freeze.R,analysis/06_016_infection_source_evidence_freeze.R,309100d23231303cbc65a1c6d415a9453d681208602cf24d66cb1e2126547474
06,infection_source,017,historical_program,analysis/94B3A_CRA002354_exploratory_genus_source_analysis.R,analysis/06_017_cra002354_exploratory_genus_source_analysis.R,64b750ba0224753ffb8d7b13804d91148a2b7c6b8d3ba9d21fd767adf372a4cd
06,infection_source,018,historical_program,analysis/94B3B_CRA002354_genus_coverage_robustness.R,analysis/06_018_cra002354_genus_coverage_robustness.R,1dd65f2f6efbd8a5b5f01c2ccbdb7b49033cd1505fbe7e87ee3a80d3fa3b5858
06,infection_source,019,historical_program,analysis/94B3C_CRA002354_genus_evidence_freeze.R,analysis/06_019_cra002354_genus_evidence_freeze.R,f4613daf59d5bd9d89e03cbb54c7cb3bd24608b100da412331efcc91c540f54e
07,external_validation,001,historical_program,analysis/93X2_PRJNA1010969_complete_group_validation.R,analysis/07_001_prjna1010969_complete_group_validation.R,f981c1097d083288593ff3c0d617adb3fd7a38fe6090afb5a7677ebaeff8baad
07,external_validation,002,historical_program,analysis/93X3_external_specificity_robustness.R,analysis/07_002_external_specificity_robustness.R,0141d860b06725317b794e501a00eadf942ccb0b30f27c731751da4f4e30350d
07,external_validation,003,historical_program,analysis/93X4_external_validation_evidence_freeze.R,analysis/07_003_external_validation_evidence_freeze.R,cda522712dcfca1617cbadee22917236933b56204a555a32729261648e56862f
07,external_validation,004,historical_program,analysis/93X_PRJNA1010969_external_state_validation.R,analysis/07_004_prjna1010969_external_state_validation.R,30cb5d3b1c09864785bed6fb14dec11f5922200058113ce6da402abe98edb97a
07,external_validation,005,historical_program,analysis/98A_aitchison_longitudinal_robustness.R,analysis/07_005_aitchison_longitudinal_robustness.R,bb5e31fc92dbc663d5fac374cad409406132425f11bfda42e55bfd8373fd1501
07,external_validation,006,historical_program,analysis/98B_longitudinal_random_effects_meta_analysis.R,analysis/07_006_longitudinal_random_effects_meta_analysis.R,24572d0c76ad91d8d6c60c6013f10378d0b1432fa2fc44b792c3d35c0fec3513
07,external_validation,007,historical_program,analysis/98C_PRJNA1125274_metadata_and_run_freeze.R,analysis/07_007_prjna1125274_metadata_and_run_freeze.R,e6917f5d5e7d34761bda00a6e54273f14777364f5d15602ff92ec41fa50eaecb
07,external_validation,008,historical_program,analysis/98D2_PRJNA1125274_sequence_processing_SINGLE_END.R,analysis/07_008_prjna1125274_sequence_processing_single_end.R,269447d553b8e06cb6292ded8c6efacb23cf2bb75a7e2e7cd138dfa72ddbae27
07,external_validation,009,historical_program,analysis/98D3_backfill_taxonomy.R,analysis/07_009_backfill_taxonomy.R,a8c3ab3993baaea40aad0d3c0485f47bc58f4f6d0676e5b20e66d82fb4415da6
07,external_validation,010,historical_program,analysis/98D_PRJNA1125274_sequence_processing.R,analysis/07_010_prjna1125274_sequence_processing.R,906bd2d20a685daa613e3d6e4c9335cf0d20e369ee049d5124e5b8ecb1ccf139
07,external_validation,011,historical_program,analysis/98E_PRJNA1125274_external_validation.R,analysis/07_011_prjna1125274_external_validation.R,908b3a1bfec6b5c24c8d780eb8fedd042bd93150576dfe575c591353ade6f755
07,external_validation,012,historical_program,analysis/98F_V2_upgrade_evidence_freeze.R,analysis/07_012_upgrade_evidence_freeze.R,95f0638c00df2c604f238fee80f277bb28ad34a018aec5b01127d19de978ae19
07,external_validation,013,historical_program,analysis/98G2_PRJNA1125274_verify_primary_statistics.R,analysis/07_013_prjna1125274_verify_primary_statistics.R,cdcd99545b4cd5f4c7267bb172ffd4a3b6e09fe5736971dc1fe30f8f95d41766
07,external_validation,014,historical_program,analysis/98G3_PRJNA1125274_orphan_exclusion_sensitivity.R,analysis/07_014_prjna1125274_orphan_exclusion_sensitivity.R,6e7bd25e5f7c75116759ea62ba6dd89ae3af67db034ba4782bc6d2b73fb836ff
07,external_validation,015,historical_program,analysis/98G4_PRJNA1125274_write_reconciliation_report.py,analysis/07_015_prjna1125274_write_reconciliation_report.py,163825f5fb769dd65039f63d36f8e42816617aea886d2528f9db76aa2a4a8682
07,external_validation,016,historical_program,analysis/98G_PRJNA1125274_patient_reconciliation.py,analysis/07_016_prjna1125274_patient_reconciliation.py,6193be757a778ff5c6df59386064e58f0396920ec81b5faa8f004364beb520db
07,external_validation,017,historical_program,analysis/98H_PRJNA1125274_final_governance_freeze.R,analysis/07_017_prjna1125274_final_governance_freeze.R,c417d04a382f35bd3d4aa5cdba8e2565d798c977cbcfd0233c76f7c20a71d350
07,external_validation,018,historical_program,analysis/98I2_CZM_5_2_diagnostics.R,analysis/07_018_czm_5_2_diagnostics.R,76ac02baacb35117abddd4a5033169064074b9de855972bab4f9586128de0515
07,external_validation,019,historical_program,analysis/98I3_finalize_remaining_validation.R,analysis/07_019_finalize_remaining_validation.R,3cfa8fc8bb0112c195e5d0d673a33a9c15abe1eda48671914925a70b451d47fd
07,external_validation,020,historical_program,analysis/98I_remaining_validation_no_fastq.R,analysis/07_020_remaining_validation_no_fastq.R,65bc4ad55bf9e9b3d8a74231e05ee61b5e077658557f61134c08f027c7256a79
09,manuscript_assembly,001,historical_program,analysis/95A2_global_evidence_synthesis_source_anchor_fix.R,analysis/09_001_global_evidence_synthesis_source_anchor_fix.R,d2ee21d4f46f0afb422b1d8d81825c3109eff4ff6b3bc657d26022b75bdc78ba
09,manuscript_assembly,002,historical_program,analysis/95A_global_evidence_synthesis_and_manuscript_map.R,analysis/09_002_global_evidence_synthesis_and_manuscript_map.R,dfd66459f0288ee342b2a56ca0e784bd2574b9441c6a1ce5245eee62cfc1b26d
09,manuscript_assembly,003,historical_program,analysis/95B_manuscript_source_pack_assembly.R,analysis/09_003_manuscript_source_pack_assembly.R,2047d4a554f8f099416460896b34a55417bdfc2012eeddd51a475d3273476ee8
09,manuscript_assembly,004,historical_program,analysis/95C_manuscript_architecture_figure1_and_main_tables.R,analysis/09_004_manuscript_architecture_figure1_and_main_tables.R,9312711b9b98d70af2f78efd08de64578c1015f7b293356530836c0cd03062c3
09,manuscript_assembly,005,historical_program,analysis/95D2_publication_figures_sourcepack_only.R,analysis/09_005_publication_figures_sourcepack_only.R,0381d1fc0a54e59f43a1a4b8aef477f6526a34fe9d4862d706948ebf010ebf98
09,manuscript_assembly,006,historical_program,analysis/95D3_final_figure_formatting_fix.R,analysis/09_006_final_figure_formatting_fix.R,e0096a31e1cb834d3e9178e042de35afba29131924789ad2dcf7ef99953ab6a5
09,manuscript_assembly,007,historical_program,analysis/95D_publication_ready_figures_and_table_placement.R,analysis/09_007_publication_ready_figures_and_table_placement.R,c8ee1cd071ffeb74553a079fca7861a4fbfdd06eb1cfe7f67c307a1d453599e0
09,manuscript_assembly,008,historical_program,analysis/95E2_table1_analysis_population_fix_and_results_v2.R,analysis/09_008_table1_analysis_population_fix_and_results.R,428ad2d4c28bde78ebdfb9856e15c6381e1a94b89d7236fbe405fb535a692ad7
09,manuscript_assembly,009,historical_program,analysis/95E_table1_and_results_draft.R,analysis/09_009_table1_and_results_draft.R,a144d469ed8e872519e20353d33870613e0359601e330244571af5cec68721f0
09,manuscript_assembly,010,historical_program,analysis/95F2_results_and_table1_final_freeze.R,analysis/09_010_results_and_table1_final_freeze.R,27f52410343ddb8400eb1f86a8db52ac37f6971dca30558b2be1a92cbd7a0959
09,manuscript_assembly,011,historical_program,analysis/95F3_results_and_table1_final_freeze_sentence_audit.R,analysis/09_011_results_and_table1_final_freeze_sentence_audit.R,5fcd30c6d0f03d98fc16e1e483a39e98eee9d3b60a2785394a7ddaa54d0742f8
09,manuscript_assembly,012,historical_program,analysis/95F_results_polish_and_table1_manuscript_freeze.R,analysis/09_012_results_polish_and_table1_manuscript_freeze.R,bb11db672b29ca5c1a3540e6133a8eba57689f086fdb60f539b814898e9bc212
09,manuscript_assembly,013,historical_program,analysis/95G_supplementary_tables_and_discussion_v1.R,analysis/09_013_supplementary_tables_and_discussion_v1.R,28dde675f00709a5d21cb31d11b30f1edd5d19dfe85d064f1ab6499c3437d9f3
09,manuscript_assembly,014,historical_program,analysis/V2_96B_results_integration.R,analysis/09_014_results_integration.R,981625a14477056aca1b25085fb2c52556e54afdba4f01781e7a149246bf50e8
09,manuscript_assembly,015,historical_program,analysis/V2_96C_discussion_integration.R,analysis/09_015_discussion_integration.R,ec944bbe2fc337bcaa8b65c706b3a4bd9c26797ae677880f8087d2680040daeb
09,manuscript_assembly,016,historical_program,analysis/V2_96D2_methods_source_verification_audit.R,analysis/09_016_methods_source_verification_audit.R,76572ec4d99499c844810c2c1aaf903330e53eeaf0b245f064b08c0f1bfa89ff
09,manuscript_assembly,017,historical_program,analysis/V2_96D3_methods_manuscriptization_verified.R,analysis/09_017_methods_manuscriptization_verified.R,f1e9a10db05e3789ad6a507f70d2142c3f468f0e4caecc1a46bfba31a1b32b3d
09,manuscript_assembly,018,historical_program,analysis/V2_96D4_methods_final_manuscript_polish.R,analysis/09_018_methods_final_manuscript_polish.R,7db52a64bec2f675d0c9f4eccec932cda5f100dc737bda4e0c2e5eec68cc2316
09,manuscript_assembly,019,historical_program,analysis/V2_96D_methods_manuscriptization.R,analysis/09_019_methods_manuscriptization.R,98396aeb4e3e91f710ff5cfce6429e437386dff6ef3cad04741bef1f877e904e
09,manuscript_assembly,020,historical_program,analysis/V2_96E_figure3D_cross_cohort_reproducibility_final.R,analysis/09_020_figure3d_cross_cohort_reproducibility_final.R,038e232623e8c2ec7f82c842a69ca359e725eca0f4d03c90c3647a92056e1656
09,manuscript_assembly,021,historical_program,analysis/V2_96F_manuscript_core_assembly_and_gap_audit.R,analysis/09_021_manuscript_core_assembly_and_gap_audit.R,93edc605288f7d8ca20495a7baea81243b6eab654ef7a69625afdff1c66922fa
09,manuscript_assembly,022,historical_program,analysis/V2_96G_discussion_reference_resolution.R,analysis/09_022_discussion_reference_resolution.R,22dd12240cecb3cb5a3661c76454039ed727caa9f8fc69c144e9a599efff9708
09,manuscript_assembly,023,historical_program,analysis/V2_96H_introduction_integration.R,analysis/09_023_introduction_integration.R,6ff454ba98b5f495c40adc180bfdb5f73eb099df8dfb8f0b3b129cc21a9fb256
09,manuscript_assembly,024,historical_program,analysis/V2_96I2_reference_format_polish.R,analysis/09_024_reference_format_polish.R,5b2e5d709184751025d6c333c92a396fde38f7c943441f3ef7c576786dab47e9
09,manuscript_assembly,025,historical_program,analysis/V2_96I_final_reference_numbering.R,analysis/09_025_final_reference_numbering.R,4a6001c36c0ad3d306b3958d8f2ca951db54b2dd980f3a1446d43240b98f5f0f
09,manuscript_assembly,026,historical_program,analysis/V2_96K2_final_manuscript_text_and_audit_FIXED.R,analysis/09_026_final_manuscript_text_and_audit_corrected.R,759041a493f95233b3c5f1edd085b3d64f674e0441b36fd891df5231421322d1
09,manuscript_assembly,027,historical_program,analysis/V2_96K3_final_manuscript_text_and_audit_FIXED2.R,analysis/09_027_final_manuscript_text_and_audit_corrected2.R,ac1fd7e44bf89ccfdae4068092c4322c574b35d433079a7702be0a53cac2cc9d
09,manuscript_assembly,028,historical_program,analysis/V2_96K_final_manuscript_text_and_audit.R,analysis/09_028_final_manuscript_text_and_audit.R,4c3413216a1879c8241b1e2b2771af3e7098abebec6b28deb1b3c1d598338f40
09,manuscript_assembly,029,historical_program,analysis/V2_97A_export_submission_bundle.ps1,analysis/09_029_export_submission_bundle.ps1,5d3e78b46cc007aa5c7623f8e15142785f8ee8e2ffae05f145c1ababdfa68cf4
06,infection_source,020,historical_utility,analysis/CHECK_AND_RERUN_STEP94B3A.ps1,analysis/06_020_check_and_rerun_exploratory_genus_source_utility.ps1,c0878314859a53537b731a1b448cb85273c46600654ad344bea057ec2859cfb2
04,clinical_context,020,historical_utility,analysis/CHECK_RERUN_PACKAGE_STEP36C.ps1,analysis/04_020_check_clinical_characterization_package_utility.ps1,75689c204a7e0b5002f99897c26f5177a972f9fc8d7a66ce2f5ecbc55501daa4
06,infection_source,021,historical_utility,analysis/CHECK_STEP94B1B_STATUS.ps1,analysis/06_021_check_fasta_otu_resume_status_utility.ps1,7b25bcbc9cd8da5e07e5c61232b7dfd2e29d5d965935bcd8bc0b20b268a321ac
11,workflow_utilities,001,historical_utility,analysis/GET_VSEARCH_2.31.0.ps1,analysis/11_001_get_vsearch_2_31_0_utility.ps1,a1df17a8b49f73c8050ef8827f8c6af29f308cec570fce4a362c7419461e7322
03,longitudinal_ecology,003,historical_launcher,analysis/RUN_STEP87B.ps1,analysis/03_003_freeze_replicate_rule_and_build_analysis_objects_run.ps1,b1da552e13b7f0e06d113f3f9dbd57a5e756af15219f76a861586273e9db8ef3
03,longitudinal_ecology,004,historical_launcher,analysis/RUN_STEP88A2_FIXED.ps1,analysis/03_004_longitudinal_diversity_and_displacement_corrected_run.ps1,46a1f30a96bffe389094482e5291bf309d6d621c1bd4ff878d0bd623cc275356
03,longitudinal_ecology,005,historical_launcher,analysis/RUN_STEP88A.ps1,analysis/03_005_longitudinal_diversity_and_displacement_run.ps1,f0b4de60ff8a5d105447bb90df7edf8b99bb59c2a3e7e7d329f6393bd9bd3ea2
03,longitudinal_ecology,006,historical_launcher,analysis/RUN_STEP88B.ps1,analysis/03_006_anchor_robustness_and_paired_contrasts_run.ps1,081d590dbb34251a92ec8d9f5543a3fc28ba2a8fb1358f0318f41d380d373b0f
03,longitudinal_ecology,007,historical_launcher,analysis/RUN_STEP89A2_FIXED.ps1,analysis/03_007_taxonomic_paired_trajectory_screen_corrected_run.ps1,b2df1a183dfb796926777c19fcf8a2a99fad72968724898e1e8cca924877f411
03,longitudinal_ecology,008,historical_launcher,analysis/RUN_STEP89A.ps1,analysis/03_008_taxonomic_paired_trajectory_screen_run.ps1,3d7a93a072617f6c395e5db28866739993cd5f6ce955a8fa29fc810bf22c4fd6
03,longitudinal_ecology,009,historical_launcher,analysis/RUN_STEP89B.ps1,analysis/03_009_taxonomic_robustness_and_provenance_run.ps1,f710670f34c274826ef6a1b673c136acc60f254f887413a29a1d7806cc14cbea
03,longitudinal_ecology,010,historical_launcher,analysis/RUN_STEP90A.ps1,analysis/03_010_ecological_robustness_and_shared_taxonomy_run.ps1,9d6d1399abf9c2e8c194a1758cff1f76db681160f366a1ca0f5c7e14786d816e
03,longitudinal_ecology,011,historical_launcher,analysis/RUN_STEP90B.ps1,analysis/03_011_corrected_coherence_inference_run.ps1,98b112829d36adbaade0864047e82f2d0c4f147f98e26d8a881d48205080eb3d
04,clinical_context,001,historical_launcher,analysis/RUN_STEP91A.ps1,analysis/04_001_infection_source_feasibility_audit_run.ps1,10cdb25d580eb674c537b3c494ece9444c46537670edef5a98ac7f6246758ef8
04,clinical_context,002,historical_launcher,analysis/RUN_STEP91B2_FIXED.ps1,analysis/04_002_infection_source_freeze_and_analysis_corrected_run.ps1,645beb944fbcda1c3453a2e44a67e94eca05e33067e10e2d645101a9927e417c
04,clinical_context,003,historical_launcher,analysis/RUN_STEP91B3_FIXED.ps1,analysis/04_003_infection_source_freeze_and_analysis_field_collision_corrected_run.ps1,334e0e140148995d1fec2bc9541cbc6ae461745f1cb7d46464330430e78d5812
04,clinical_context,004,historical_launcher,analysis/RUN_STEP91B4_FIXED.ps1,analysis/04_004_infection_source_freeze_and_analysis_attrition_corrected_run.ps1,f14e45b5b6a9bcedbff77577e26772309a782a82625c66d0c0a0158be81ee672
04,clinical_context,005,historical_launcher,analysis/RUN_STEP91B.ps1,analysis/04_005_infection_source_freeze_and_analysis_run.ps1,f6b6fda7ee1429a3e4f5a664acf44eb897bba424ecdeb57cee75bf518ab99856
05,taxonomic_trajectories,001,historical_launcher,analysis/RUN_STEP92A.ps1,analysis/05_001_eii_feasibility_audit_run.ps1,5960874c8e25049d277aed9cede543ca6f7c730b2c4c1d7c39e7c62638d1fa0b
05,taxonomic_trajectories,002,historical_launcher,analysis/RUN_STEP92B2.ps1,analysis/05_002_eii_baseline_harmonization_corrected_run.ps1,79e22be042a91848e06a48caa58a07e2dc62da5d8167b73191db8db5928c7058
05,taxonomic_trajectories,003,historical_launcher,analysis/RUN_STEP92B.ps1,analysis/05_003_eii_construction_run.ps1,6f5425ebb41aac72b287af1192a93ce0b9814a32c26ce86a245dbf46b2b5325e
05,taxonomic_trajectories,004,historical_launcher,analysis/RUN_STEP92C.ps1,analysis/05_004_eii_cross_cohort_validation_run.ps1,e398998879881d58ce226602a1b81a334b82a3c862bd9bd95b1f2ea52c37d7ed
05,taxonomic_trajectories,005,historical_launcher,analysis/RUN_STEP92D.ps1,analysis/05_005_eii_stability_comparison_run.ps1,23b1e903fa946f644faed879c56f6e21b161a570e711da27cd5ac19fbec8880f
05,taxonomic_trajectories,006,historical_launcher,analysis/RUN_STEP93A.ps1,analysis/05_006_taxonomic_heterogeneity_vs_eii_run.ps1,a428d4b65744a6f22edd151608689cd1e7a1b0e1d4b4fd854d9cdfb0ea506567
05,taxonomic_trajectories,007,historical_launcher,analysis/RUN_STEP93B.ps1,analysis/05_007_taxonomic_trajectory_heterogeneity_run.ps1,e3afd923fd5478254442a1a338724b2d937378754ba32a9e8430a76c91168419
05,taxonomic_trajectories,008,historical_launcher,analysis/RUN_STEP93C.ps1,analysis/05_008_taxonomic_divergence_vs_eii_run.ps1,1d939066c7ffc25a7c19e8dc88d6f31a577042382bd856d0744fc519d30cb18a
05,taxonomic_trajectories,009,historical_launcher,analysis/RUN_STEP93D.ps1,analysis/05_009_taxonomic_heterogeneity_index_run.ps1,71a8c98fa7bbe071631eec2b1deb56b10765e283534ff25491555b5cb47b84e2
05,taxonomic_trajectories,010,historical_launcher,analysis/RUN_STEP93E.ps1,analysis/05_010_taxonomic_trajectory_divergence_run.ps1,761d72f16fd0a6461c049cf1c94e9e33c777d5f3f9ba5195554ff0ab4047c8bc
05,taxonomic_trajectories,011,historical_launcher,analysis/RUN_STEP93F.ps1,analysis/05_011_taxonomic_heterogeneity_calculation_run.ps1,8333f2b853fd68b05edc64dd2c49c378a1c0278dbc509abe9f421f27fa91083d
05,taxonomic_trajectories,012,historical_launcher,analysis/RUN_STEP93G.ps1,analysis/05_012_taxonomic_trajectory_divergence_revision_02_run.ps1,127e2600c91eb39d223bdbeae91a218e7a6c047e0a4f50bf715d28cee16ce4f0
05,taxonomic_trajectories,013,historical_launcher,analysis/RUN_STEP93H.ps1,analysis/05_013_taxonomic_trajectory_distance_run.ps1,a338b87569a2ab5c2fa0e91c2e1a8198919e901b789fe5689ab929b0b8e07862
05,taxonomic_trajectories,014,historical_launcher,analysis/RUN_STEP93I.ps1,analysis/05_014_taxonomic_matrix_selection_fix_run.ps1,840763d289dd0f4cb86e9650a033fa2fb010fdd44b5e847910f5faf1ee950ff3
05,taxonomic_trajectories,015,historical_launcher,analysis/RUN_STEP93J.ps1,analysis/05_015_raw_abundance_matrix_discovery_run.ps1,026962ba2b99ee85fb80a25374330611403a330853de00d47058b9b753f771f4
05,taxonomic_trajectories,016,historical_launcher,analysis/RUN_STEP93K.ps1,analysis/05_016_genus_matrix_validation_run.ps1,6ad4b8c07c2967d1350ac82b2cd71cfeebdcffe66c5ae0a03bf52a3552d7a44f
05,taxonomic_trajectories,017,historical_launcher,analysis/RUN_STEP93L.ps1,analysis/05_017_taxonomic_trajectory_reconstruction_run.ps1,ed73ad85bd34cecb9297d0af0955d3a121aa4816c61cdd7b69389cb6ab71c4e7
05,taxonomic_trajectories,018,historical_launcher,analysis/RUN_STEP93M.ps1,analysis/05_018_download_metadata_from_ncbi_run.ps1,f9d39d8c948a43ed54cfe3fd150cc16f28a83e90159c2024ab8d161fce9e2c4d
05,taxonomic_trajectories,019,historical_launcher,analysis/RUN_STEP93N2.ps1,analysis/05_019_metadata_autodiscovery_run.ps1,ea748e0d5add59937bf0edb9b9dd687e465559f9bca8f6f544fba4ff9cdfd9a5
05,taxonomic_trajectories,020,historical_launcher,analysis/RUN_STEP93N3.ps1,analysis/05_020_metadata_strict_mapping_run.ps1,13c477a923fbdc51f84f989314e3d07cbfab963edc08a1c00eba162301f30a68
05,taxonomic_trajectories,021,historical_launcher,analysis/RUN_STEP93N4.ps1,analysis/05_021_patient_timepoint_reconstruction_run.ps1,e8392e8fca41e4a64c8a9568868a43735491e04662a294eefb4d8675be729304
05,taxonomic_trajectories,022,historical_launcher,analysis/RUN_STEP93N.ps1,analysis/05_022_sample_mapping_build_run.ps1,da2b28d0ac621e918bb3eb3f542208b99054c1c024825fd913ccaf89f2578e3b
05,taxonomic_trajectories,023,historical_launcher,analysis/RUN_STEP93O.ps1,analysis/05_023_taxonomic_abundance_metadata_integration_run.ps1,931c1958e8db6092579a5d0fa72c6586bac426ce636b3cb9940a71f3fb7244a5
05,taxonomic_trajectories,024,historical_launcher,analysis/RUN_STEP93P.ps1,analysis/05_024_longitudinal_taxonomic_trajectory_analysis_run.ps1,ba8b970a8e43ed516070cd21fce43051349f3dd873295142ae0cd3e862037324
05,taxonomic_trajectories,025,historical_launcher,analysis/RUN_STEP93Q.ps1,analysis/05_025_trajectory_patient_id_reconstruction_fix_run.ps1,c1c7fafea43fb22ef0f45c2679cc5a5caeb1488e99a8e0a46103c6d3ccf3becb
05,taxonomic_trajectories,026,historical_launcher,analysis/RUN_STEP93R2.ps1,analysis/05_026_trajectory_distance_final_fix_run.ps1,b5e43327027c72db719b6fd8df3b3ab5c6b177989ed543e87b10fa3bc7a1c7a7
05,taxonomic_trajectories,028,historical_launcher,analysis/RUN_STEP93R.ps1,analysis/05_028_taxonomic_trajectory_divergence_analysis_run.ps1,dd2ecd3f328c40d56e25e011c6f0fdaa96af343f8f459aa2e3af85f221539406
05,taxonomic_trajectories,027,historical_launcher,analysis/RUN_STEP93R_FIX.ps1,analysis/05_027_fix_na_trajectory_run.ps1,83445098b7ee18c15b6a28bb810080708d41b4f64fd0eb43de3a6b94334564af
05,taxonomic_trajectories,029,historical_launcher,analysis/RUN_STEP93S2.ps1,analysis/05_029_trajectory_distance_method_fix_run.ps1,a053a4648e201583af5b9437f73ca0e7e3d3b7e82882a419b253d86adf4a6ace
05,taxonomic_trajectories,030,historical_launcher,analysis/RUN_STEP93S.ps1,analysis/05_030_signed_trajectory_clustering_run.ps1,fda68e24a3199ab1f28ea02064153169a74e1bafae07498ecc531ff09d1249e8
05,taxonomic_trajectories,031,historical_launcher,analysis/RUN_STEP93T2.ps1,analysis/05_031_eii_file_selection_fix_run.ps1,c3117f5d61b58d88e825ab5c5928722a9013825e842e3d8b91a73f7d0ff97da4
05,taxonomic_trajectories,032,historical_launcher,analysis/RUN_STEP93T3.ps1,analysis/05_032_eii_real_table_identification_run.ps1,47d4f4b38316290e3f1a00bac7d324aa8ddab667aa62186394695165a83de5c7
05,taxonomic_trajectories,033,historical_launcher,analysis/RUN_STEP93T4.ps1,analysis/05_033_eii_xlsx_patient_search_run.ps1,22836bb034b49e40f804dfee51aca3773f042de4dee7e67ca9cd434cc96118e6
05,taxonomic_trajectories,034,historical_launcher,analysis/RUN_STEP93T5.ps1,analysis/05_034_eii_all_format_discovery_run.ps1,70337183de74835b42498a72395d19622cdb4edff8571c9ea10b422d416a366a
05,taxonomic_trajectories,035,historical_launcher,analysis/RUN_STEP93T6.ps1,analysis/05_035_eii_code_history_search_run.ps1,bbdb6cb23753594978bafe51ae2e72f113e271f0a2dc5d80d6a2bb9bcc93101c
05,taxonomic_trajectories,036,historical_launcher,analysis/RUN_STEP93T6_FIX.ps1,analysis/05_036_fix_eii_trajectory_integration_run.ps1,4e8000827b100ad00526e826aa728bf0ab988a1e03009f4e263892a57342945b
05,taxonomic_trajectories,037,historical_launcher,analysis/RUN_STEP93T7.ps1,analysis/05_037_patient_id_mapping_audit_run.ps1,cc87ee253419362e3fb07ca3a8a3811c65f81b2fd494129f8794302372e7fb5a
05,taxonomic_trajectories,038,historical_launcher,analysis/RUN_STEP93T8.ps1,analysis/05_038_run_patient_mapping_reconstruction_run.ps1,ad7c012e0fbd5294ed83b8497f886b75bd2fbee0f6cb68ef667a021746601002
05,taxonomic_trajectories,041,historical_launcher,analysis/RUN_STEP93T9.ps1,analysis/05_041_run_to_patient_mapping_run.ps1,be02215cb8f1ed6434da57c4d96538e4dad18e122960e4a3e2b5580a020f5576
05,taxonomic_trajectories,039,historical_launcher,analysis/RUN_STEP93T9_DEBUG.ps1,analysis/05_039_debug_path_check_run.ps1,1f415798c3df5f86b1921cb195f60ba5a6f31379b69a2c2dd4fea20073ba5c4e
05,taxonomic_trajectories,040,historical_launcher,analysis/RUN_STEP93T9_FIX.ps1,analysis/05_040_fix_always_output_run.ps1,11cd55fc04146464cc276a0d34403c2b97d3d355a468733b32f61e062b51858c
05,taxonomic_trajectories,042,historical_launcher,analysis/RUN_STEP93T10.ps1,analysis/05_042_eii_trajectory_final_integration_run.ps1,183f155df4ad80ec1b7a5e76ac6e12d6ec6f32d16b2287f1fd7c48ff247779fb
05,taxonomic_trajectories,043,historical_launcher,analysis/RUN_STEP93T10B.ps1,analysis/05_043_forced_run_bridge_run.ps1,6f31470a751d71e1f4c9f3234e25a9a8b29655cfe5e5a37703158f35ecbcd269
05,taxonomic_trajectories,044,historical_launcher,analysis/RUN_STEP93T.ps1,analysis/05_044_eii_trajectory_integration_run.ps1,e795e05be8f13b402addd828933f522941c6ad83a909de7ecfb803b1bd957390
05,taxonomic_trajectories,045,historical_launcher,analysis/RUN_STEP93T_FIX.ps1,analysis/05_045_fix_patient_id_type_run.ps1,235b1b39f1275eadc5e555b5b975e00823eef81fa66fe6646d7e0f5ffd688ad0
05,taxonomic_trajectories,046,historical_launcher,analysis/RUN_STEP93U.ps1,analysis/05_046_trajectory_ecology_robustness_run.ps1,99434292b74c16f0d4ee542a484e1c6af3f0a54306d400ae66e6ac56bfce0772
05,taxonomic_trajectories,047,historical_launcher,analysis/RUN_STEP93V2.ps1,analysis/05_047_cross_cohort_trajectory_polarity_robust_run.ps1,108ea5817ed7f74419e9b048c293779fa5d561823a5b5e53462a1a5485c26c77
05,taxonomic_trajectories,048,historical_launcher,analysis/RUN_STEP93V3.ps1,analysis/05_048_step88b_estimand_reconciliation_run.ps1,ff848256924d79ef2752be8168d947574b1f943edffe5a643682f798e2664788
05,taxonomic_trajectories,049,historical_launcher,analysis/RUN_STEP93V.ps1,analysis/05_049_cross_cohort_trajectory_polarity_run.ps1,b7de2b3154233f280b9212fdb635fb8403c691ca22c384e07efa7440699f8749
05,taxonomic_trajectories,050,historical_launcher,analysis/RUN_STEP93W.ps1,analysis/05_050_longitudinal_evidence_freeze_run.ps1,1a039f6d4bdc08db02347caa7925f19e4e5eb15124945c21fd3ce696c62ec54d
07,external_validation,001,historical_launcher,analysis/RUN_STEP93X2.ps1,analysis/07_001_prjna1010969_complete_group_validation_run.ps1,dc8881334139fbad37f17bf2c20ed3ac673f3b52c1b42419888ee3616e5f1176
07,external_validation,002,historical_launcher,analysis/RUN_STEP93X3.ps1,analysis/07_002_external_specificity_robustness_run.ps1,7c3235a8517564d01cf9950191b3e836ecd20a2dff321dc46ead0c49d0280db9
07,external_validation,003,historical_launcher,analysis/RUN_STEP93X4.ps1,analysis/07_003_external_validation_evidence_freeze_run.ps1,21c5f9b40c1d4531af975e5e5c4beb3d57210549e9e8363087a65ec39b7117a5
07,external_validation,004,historical_launcher,analysis/RUN_STEP93X.ps1,analysis/07_004_prjna1010969_external_state_validation_run.ps1,5826cf7546b0cff7e1b210ecfe4c0b8b4b08705ff772d39969959b66ef6bb5a0
06,infection_source,001,historical_launcher,analysis/RUN_STEP94A2.ps1,analysis/06_001_infection_source_excel_semantic_audit_run.ps1,5fb4da9ac6099e2da09c556454ee97e4c7f3209a95db15f32a6612677ccc5356
06,infection_source,002,historical_launcher,analysis/RUN_STEP94A3.ps1,analysis/06_002_master_infection_source_project_resolution_run.ps1,1ac47475f04fddd0590957bc9f343845863371f55cf51d7c7d90e362a1ff2545
06,infection_source,003,historical_launcher,analysis/RUN_STEP94A4.ps1,analysis/06_003_cra002354_rescue_and_readiness_audit_run.ps1,9147b4373e8bfb17b57a351efa735d476d8fdf196a8bce497fcbfb091d116856
06,infection_source,004,historical_launcher,analysis/RUN_STEP94A.ps1,analysis/06_004_infection_source_feasibility_audit_run.ps1,77482f78d22222b52fb5424e71e69779ac983df50928a78a4f35df8bd548207f
06,infection_source,005,historical_launcher,analysis/RUN_STEP94B1.ps1,analysis/06_005_cra002354_fasta_otu97_silva1382_run.ps1,61097cea092d8c1bd88728036126fecc0b51575988590fbf6a4a77b0d5a185df
06,infection_source,006,historical_launcher,analysis/RUN_STEP94B1A.ps1,analysis/06_006_cra002354_ambiguity_resolution_otu97_run.ps1,bfbfa2eae13ecef9ac4be13262a6bd338be12cfccf5e4a1d51a152ac52925857
06,infection_source,007,historical_launcher,analysis/RUN_STEP94B1B.ps1,analysis/06_007_cra002354_fasta_write_fix_and_otu97_resume_run.ps1,15a997e70987525179c2caeb30a30f843461ebd7032e12d342ca627cde828e13
06,infection_source,008,historical_launcher,analysis/RUN_STEP94B1D.ps1,analysis/06_008_cra002354_nonchimeric_otu_table_and_rarefaction_fix_run.ps1,8541dd641fef9182ab6d07ea417c469906e843205add28df7a2d0e6c397fc558
06,infection_source,009,historical_launcher,analysis/RUN_STEP94B1E.ps1,analysis/06_009_cra002354_taxonomy_id_repair_run.ps1,c1f31def732ad5dffa375a46607e977d738db6e003291ad5166a5eb052bac56e
06,infection_source,010,historical_launcher,analysis/RUN_STEP94B2.ps1,analysis/06_010_cra002354_formal_source_longitudinal_analysis_run.ps1,d082f9f0d61c2ebf623d8efc5aa4fa1414d6791b27c07b3979409adc533cba40
06,infection_source,011,historical_launcher,analysis/RUN_STEP94B2A2.ps1,analysis/06_011_94b2a2_cra002354_source_model_specification_freeze_run.ps1,e8cbfa8a467fd91cbe1358f41d59d12709e42c201a77b0b707e2b7347e53fb92
06,infection_source,012,historical_launcher,analysis/RUN_STEP94B2A3.ps1,analysis/06_012_94b2a3_source_model_spec_qc_fix_run.ps1,efb057d698e256d8ff21dd6c8999a8e4108040cf5096c239caf6c4d913868b2a
06,infection_source,013,historical_launcher,analysis/RUN_STEP94B2A.ps1,analysis/06_013_cra002354_source_model_design_prep_run.ps1,4f69349aa987bb820f73da907e234d1debe98c62bd9f1316e82433891d5e1437
06,infection_source,014,historical_launcher,analysis/RUN_STEP94B2B.ps1,analysis/06_014_cra002354_corrected_formal_source_longitudinal_analysis_run.ps1,0d0e4499580475c585034ca62e2ed6fd5c3d29226f593f965eb008c311099f9d
06,infection_source,015,historical_launcher,analysis/RUN_STEP94B2C.ps1,analysis/06_015_cra002354_final_source_longitudinal_analysis_and_freeze_run.ps1,e39cf470ad9415970260bd40555fe5c148b11883a9d56e348307c998fd43b66c
06,infection_source,016,historical_launcher,analysis/RUN_STEP94B2D.ps1,analysis/06_016_infection_source_evidence_freeze_run.ps1,6257022b7ca0436d4c3f9c452f82fdcd329bfa1877bb911553447a6de640249c
06,infection_source,017,historical_launcher,analysis/RUN_STEP94B3A.ps1,analysis/06_017_cra002354_exploratory_genus_source_analysis_run.ps1,bd070e5fb94b3498f826e06429411ac9f1dec087f3bb2fcc68f7da5388d45dd9
06,infection_source,018,historical_launcher,analysis/RUN_STEP94B3B.ps1,analysis/06_018_cra002354_genus_coverage_robustness_run.ps1,c1139f5729bda5c2842b53389a41e862729da6991f93837bc6fadd948af22e42
06,infection_source,019,historical_launcher,analysis/RUN_STEP94B3C.ps1,analysis/06_019_cra002354_genus_evidence_freeze_run.ps1,8cfeb45cfe37e90533a118fcea6ceee2c3502848430bc4253b10202d22f9478b
09,manuscript_assembly,001,historical_launcher,analysis/RUN_STEP95A2.ps1,analysis/09_001_global_evidence_synthesis_source_anchor_fix_run.ps1,cde6cdf9df5c8c7ff1f76071d383ff869a9620168bd00e97043b9ef4722d3b94
09,manuscript_assembly,002,historical_launcher,analysis/RUN_STEP95A.ps1,analysis/09_002_global_evidence_synthesis_and_manuscript_map_run.ps1,1fb63667e6d5ec9e304a08a506bac6c3f14ac0c8363231cfc1e291511dc56042
09,manuscript_assembly,003,historical_launcher,analysis/RUN_STEP95B.ps1,analysis/09_003_manuscript_source_pack_assembly_run.ps1,a7d670473d17408243cba95b4e559b9b5c760eff57789d931bf1ef5cafbaca69
09,manuscript_assembly,004,historical_launcher,analysis/RUN_STEP95C.ps1,analysis/09_004_manuscript_architecture_figure1_and_main_tables_run.ps1,9890fc22f85ad5a13621a372bdb0a0dacf01e29f5d578485ac81fde2045e803e
09,manuscript_assembly,005,historical_launcher,analysis/RUN_STEP95D2.ps1,analysis/09_005_publication_figures_sourcepack_only_run.ps1,550bc7b3b3a6715f42b30a16a99ac775b474a8adf355d75d6557dd25d9dedc83
09,manuscript_assembly,006,historical_launcher,analysis/RUN_STEP95D3.ps1,analysis/09_006_final_figure_formatting_fix_run.ps1,7db0cff52eb936d42dfcd04c9779d650290d7688bd93b465237c49111dc7dbd6
09,manuscript_assembly,007,historical_launcher,analysis/RUN_STEP95D.ps1,analysis/09_007_publication_ready_figures_and_table_placement_run.ps1,96c384cc803acbefde1371891c9fcf736b06c9acbeb8dbc3f9677abf232e638a
09,manuscript_assembly,008,historical_launcher,analysis/RUN_STEP95E2.ps1,analysis/09_008_table1_analysis_population_fix_and_results_run.ps1,0001505f105bdc089b8ac0d62f544aed3ea83f83e2ad21735fdbb1c4aa1d9ea8
09,manuscript_assembly,009,historical_launcher,analysis/RUN_STEP95E.ps1,analysis/09_009_table1_and_results_draft_run.ps1,143b9b0f634a40feadf5e53b1b7ef6ea62cfa120adb2ab57cca943f7141d30de
09,manuscript_assembly,010,historical_launcher,analysis/RUN_STEP95F2.ps1,analysis/09_010_results_and_table1_final_freeze_run.ps1,83c7e573b9e8832066c28cdbcb0da8810bdd8e4f1f36fdda974f74ae4ce51293
09,manuscript_assembly,011,historical_launcher,analysis/RUN_STEP95F3.ps1,analysis/09_011_results_and_table1_final_freeze_sentence_audit_run.ps1,d62b7030d5aff4e04ba4a262fe26cba14de58f9bb3f490151361474f18cef27a
09,manuscript_assembly,012,historical_launcher,analysis/RUN_STEP95F.ps1,analysis/09_012_results_polish_and_table1_manuscript_freeze_run.ps1,9e7cb448c6767b9d7b6b11dc2715cfb22d7fb58b649a3ee7daa3e26d99e94e9a
09,manuscript_assembly,013,historical_launcher,analysis/RUN_STEP95G.ps1,analysis/09_013_supplementary_tables_and_discussion_v1_run.ps1,e40f7a0b5caccb0565d8d65ff38bc11791b07f8847b2b2a09612e046074f74d2
04,clinical_context,006,historical_launcher,analysis/RUN_STEP_V2_36_METADATA_AUDIT.ps1,analysis/04_006_metadata_enhancement_audit_run.ps1,3a7f993bfffb0c747ed5533348fdeb51b96fa908d6638445d027bfabd0ef42db
04,clinical_context,007,historical_launcher,analysis/RUN_STEP_V2_36B.ps1,analysis/04_007_clinical_metadata_deep_audit_run.ps1,d3cb2173838a3b2a40c01c99609f3697df306909b9216ccbbf101b2cadb6c512
04,clinical_context,008,historical_launcher,analysis/RUN_STEP_V2_36C.ps1,analysis/04_008_clinical_variable_characterization_run.ps1,41f2494ee6cc7bb51c03bb9e0166058408cc5c78fb139e4f82cfe3df1feb89a0
04,clinical_context,009,historical_launcher,analysis/RUN_STEP_V2_36D.ps1,analysis/04_009_value_level_clinical_feasibility_run.ps1,d90d491f65f4d70a0165af9b91bd47ad64c30800fc37aefe336428d169578aad
04,clinical_context,010,historical_launcher,analysis/RUN_STEP_V2_36E2.ps1,analysis/04_010_raw_clinical_metadata_recovery_audit_corrected_run.ps1,cc9b2ba99dfcb8c702aedee8a1429e53834a84899478a8dc2754121c0658617f
04,clinical_context,011,historical_launcher,analysis/RUN_STEP_V2_36E.ps1,analysis/04_011_raw_clinical_metadata_recovery_audit_run.ps1,2b010fbdee065b9d1b790e6877e8bd4e34faaf308d0cf233cf1b718f9782f6d4
04,clinical_context,012,historical_launcher,analysis/RUN_STEP_V2_36F.ps1,analysis/04_012_prjna851469_clinical_recovery_linkage_run.ps1,c8af8a2d4e689c556a523bde6f018cc0a092beba91b0e5700722c25096ef4352
04,clinical_context,013,historical_launcher,analysis/RUN_STEP_V2_36G2.ps1,analysis/04_013_prjna851469_day3_clinical_outcome_models_corrected_run.ps1,67437355ee2d06086395e25f10be305307755cb00063ac5431495e058c984ea8
04,clinical_context,014,historical_launcher,analysis/RUN_STEP_V2_36G.ps1,analysis/04_014_prjna851469_day3_clinical_outcome_models_run.ps1,c4609ca0fc17ef82988a88b4ad024b5c5ec7930aafeae4be244b3725bd06632a
04,clinical_context,015,historical_launcher,analysis/RUN_STEP_V2_36H.ps1,analysis/04_015_cross_cohort_taxonomic_reproducibility_audit_run.ps1,493086136626b5c853e958d3421701fd1099d4e79b10d2298983f8c1c3fd6780
04,clinical_context,016,historical_launcher,analysis/RUN_STEP_V2_36I2.ps1,analysis/04_016_comparison_selection_fix_run.ps1,da726965eddefcfd08e40a4e8d9f1731e750c35dfc1ad87ae06c9a09b99c6749
04,clinical_context,017,historical_launcher,analysis/RUN_STEP_V2_36I3.ps1,analysis/04_017_cross_cohort_taxonomic_reproducibility_final_run.ps1,6fbac41b3b0d321debe8d0f34d20145b71f1dfbc5214398b623f4cdc1e484a56
04,clinical_context,018,historical_launcher,analysis/RUN_STEP_V2_36I.ps1,analysis/04_018_cross_cohort_taxonomic_reproducibility_run.ps1,ffab123c2b0909902c240ac6a602d1f126cc0f07479d718fe776ab5ca9812d28
04,clinical_context,019,historical_launcher,analysis/RUN_STEP_V2_36J.ps1,analysis/04_019_microbiome_enhancement_evidence_freeze_run.ps1,c4228833537ce605c3ef280f417c1b45bb2b63ae0faec9bb083aba4957adcfd9
09,manuscript_assembly,014,historical_launcher,analysis/RUN_STEP_V2_96B.ps1,analysis/09_014_results_integration_run.ps1,d900f8af0026434d8bc411ac6c74f743fdf0058f790c96b009f850226d2a2855
09,manuscript_assembly,015,historical_launcher,analysis/RUN_STEP_V2_96C.ps1,analysis/09_015_discussion_integration_run.ps1,8513367f3800bd6ac6190fd08ebffc1c68bb7b510b6bbfaa58c6b28019227a2e
09,manuscript_assembly,016,historical_launcher,analysis/RUN_STEP_V2_96D2.ps1,analysis/09_016_methods_source_verification_audit_run.ps1,e7e65f55a24927b690925c397c795de17a8c5412f0620f5840541e309943c86f
09,manuscript_assembly,017,historical_launcher,analysis/RUN_STEP_V2_96D3.ps1,analysis/09_017_methods_manuscriptization_verified_run.ps1,df84ff29a7ea6faace799073b060cd8987962e112034ab4b4fe6bc019be4182e
09,manuscript_assembly,018,historical_launcher,analysis/RUN_STEP_V2_96D4.ps1,analysis/09_018_methods_final_manuscript_polish_run.ps1,a10ef052481c236c2a2931da05e1add88a7c18d49d41b184d58c39a42cf45f24
09,manuscript_assembly,019,historical_launcher,analysis/RUN_STEP_V2_96D.ps1,analysis/09_019_methods_manuscriptization_run.ps1,1f383b65e20434c176aea2a95a3f722fb948a58f583d41393dfde83a7c79d095
09,manuscript_assembly,020,historical_launcher,analysis/RUN_STEP_V2_96E.ps1,analysis/09_020_figure3d_cross_cohort_reproducibility_final_run.ps1,d11dc4228425cfe211664dad7265e8d981094f190c70ebfe21e05ee5fe5a1857
09,manuscript_assembly,021,historical_launcher,analysis/RUN_STEP_V2_96F.ps1,analysis/09_021_manuscript_core_assembly_and_gap_audit_run.ps1,21f009e80e86eed6ffa2eedfedd0a355eed2141aa5f1bb9d09f11d29780900ee
09,manuscript_assembly,022,historical_launcher,analysis/RUN_STEP_V2_96G.ps1,analysis/09_022_discussion_reference_resolution_run.ps1,22e454e9cc9489ac07aad86e22d90cab00c03aad7e1347c3abc7eba59bb4c7a7
09,manuscript_assembly,023,historical_launcher,analysis/RUN_STEP_V2_96H.ps1,analysis/09_023_introduction_integration_run.ps1,3d328ffdb945b28184f3216d749491511b984203a8bf23feb64d55505877d01f
09,manuscript_assembly,024,historical_launcher,analysis/RUN_STEP_V2_96I2.ps1,analysis/09_024_reference_format_polish_run.ps1,be07f40195c36b9d5ed53baade75fca5fa36d9dd2b4c2b52088c93ca5e61aa68
09,manuscript_assembly,025,historical_launcher,analysis/RUN_STEP_V2_96I.ps1,analysis/09_025_final_reference_numbering_run.ps1,c35585ca0878403ed0dca958df13246dd776134c7f56f7cb02b565a248172289
09,manuscript_assembly,030,historical_utility,analysis/RUN_STEP_V2_96J2.ps1,analysis/09_030_stage_figure3_assets_revision_02_utility.ps1,2c62fc64dc5aa2637c73744c34ae0c2273dc9fbf6a366419d3a7250c5088968a
09,manuscript_assembly,031,historical_utility,analysis/RUN_STEP_V2_96J3.ps1,analysis/09_031_stage_self_contained_figure3_assets_utility.ps1,215e5abc7f48970e1f8ff9ef0b2a69871e8a51affc66f1d8352d6c85746cd4af
09,manuscript_assembly,032,historical_utility,analysis/RUN_STEP_V2_96J.ps1,analysis/09_032_stage_figure3_assets_utility.ps1,b8bae8c412628c11aaf89fa4dc4a6c045206070adc3e7532441edb3419f14848
09,manuscript_assembly,026,historical_launcher,analysis/RUN_STEP_V2_96K2.ps1,analysis/09_026_final_manuscript_text_and_audit_corrected_run.ps1,984e06558aa3e33b83d45b9cbe96b67db43b9859e1cdd0fd370c54b3bd82e941
09,manuscript_assembly,027,historical_launcher,analysis/RUN_STEP_V2_96K3.ps1,analysis/09_027_final_manuscript_text_and_audit_corrected2_run.ps1,fcc3ebd3ace765ee7f46969a289d6f1d1104cb000b3d923bfa129e938aaa8fa9
09,manuscript_assembly,028,historical_launcher,analysis/RUN_STEP_V2_96K.ps1,analysis/09_028_final_manuscript_text_and_audit_run.ps1,851cc747059d9ff962aa1fb40e4744c7fc9e338910c9975cb602bb9de5f9f427
08,direction_analysis,001,direction_program,analysis/99_DIRECTION_UPGRADE/99A1_download_and_inspect_supplement.py,analysis/direction_analysis/08_001_download_and_inspect_supplement.py,d197fd4c28e5b6a0933838459056928a03e49220590e90ccc8b3e79c7d5efc96
08,direction_analysis,002,direction_program,analysis/99_DIRECTION_UPGRADE/99A2_direction_feasibility_audit.R,analysis/direction_analysis/08_002_direction_feasibility_audit.R,2db810f5370aa517fe3358edb76bfeef1b3087b69e417bc797b5c5677eab03a6
08,direction_analysis,003,direction_program,analysis/99_DIRECTION_UPGRADE/99A3_finalize_feasibility.py,analysis/direction_analysis/08_003_finalize_feasibility.py,106033b20d882054120649d9a5bc2a7ba989d8d03f6e109b379ca6a186460420
08,direction_analysis,004,direction_program,analysis/99_DIRECTION_UPGRADE/99A4_compare_reproduction.py,analysis/direction_analysis/08_004_compare_reproduction.py,85329d5611c88dc25ecf7e4a312277bc2504a5094bd902ed71d91645e3788fe4
08,direction_analysis,005,direction_program,analysis/99_DIRECTION_UPGRADE/99B0_initialize.py,analysis/direction_analysis/08_005_initialize.py,e63fb43921fa6a3be43992da46f59ee700bf121c22fd85fa6c03abe7ced58308
08,direction_analysis,006,direction_program,analysis/99_DIRECTION_UPGRADE/99B1_direction_analysis.R,analysis/direction_analysis/08_006_direction_analysis.R,5c9d4e42df945e403d7467e95bfed5f86e9beffaac71219f7e8e041332455bd8
08,direction_analysis,007,direction_program,analysis/99_DIRECTION_UPGRADE/99B2_finalize.py,analysis/direction_analysis/08_007_finalize.py,ee0918080712646c77c194d469b53abb5b8bb6a23777c8b7499276ab5fd54ce9
08,direction_analysis,008,direction_program,analysis/99_DIRECTION_UPGRADE/99B3_compare_reproduction.py,analysis/direction_analysis/08_008_compare_reproduction.py,90aeeb374758a8a171154e128b97035219758f060861efe0f9fd1fc6aaa87562
08,direction_analysis,009,direction_program,analysis/99_DIRECTION_UPGRADE/99B4_audit_submission_placeholders.py,analysis/direction_analysis/08_009_audit_submission_placeholders.py,b74b4ea3c9d867988f2da86941a7755d385cd2a61433c8c33808b811c29f0418
08,direction_analysis,010,direction_program,analysis/99_DIRECTION_UPGRADE/99B5_citation_audit.py,analysis/direction_analysis/08_010_citation_audit.py,a3cd716262083ebbe890a262900a2d191785b3b4b3b0b87e99e0d6c88e27ad82
08,direction_analysis,101,direction_launcher,analysis/99_DIRECTION_UPGRADE/RUN_A_FEASIBILITY.ps1,analysis/direction_analysis/08_101_run_feasibility_workflow.ps1,5d5fa09130ef3902ad2ee67d9921b49c7eaf18f0b5d6f8498c998ae6cd7856db
08,direction_analysis,102,direction_launcher,analysis/99_DIRECTION_UPGRADE/RUN_B_DIRECTION.ps1,analysis/direction_analysis/08_102_run_direction_workflow.ps1,cbd75aee065127f4fb203e533769ed4159e2d9843caa268ddd06c77e37e79c27
10,final_figures,001,current_figure_program,analysis/final_figures/100B_rebuild_corrected_figures.R,analysis/final_figures/10_001_rebuild_submission_figures.R,7f62023d4674c3f48d10328ca6a0bd161c52e485e873e0ba742798ca86a215ed
10,final_figures,002,current_figure_program,analysis/final_figures/100C_generate_corrected_legends.R,analysis/final_figures/10_002_generate_figure_legends.R,974011c1811852d24bebd2fcba217603108ecc340239ab986c42c3c78b26b21b
10,final_figures,003,current_figure_program,analysis/final_figures/build_corrected_supplementary_information.py,analysis/final_figures/10_003_assemble_supplementary_pdf.py,8424d3735b1d18a5f47471604341ca4afc5f2b147213a95a32dd3b93e6290b6a
10,final_figures,004,current_figure_program,analysis/final_figures/figure_display_overrides.R,analysis/final_figures/10_004_figure_display_settings.R,401849a4cf814b7461ae57a184eaaaa6f095a236296c8c0b8cdcb523935ff5ca
00,reproduction_tools,001,portable_entrypoint,tools/REPRODUCE_SELECTED_STATISTICS.R,tools/01_reproduce_selected_statistics.R,3c4373d76753a34094cc3162e645d774a80b9867299b42c16bb7fa876fcfd829
00,reproduction_tools,002,portable_entrypoint,tools/REPRODUCE_SPECIMEN_SENSITIVITY.R,tools/02_reproduce_specimen_sensitivity.R,a1815b3feb732b2270ca2530ca265bdf47237c64efd66c8969082a9ef6d003a8
00,reproduction_tools,003,portable_entrypoint,tools/RENDER_DIRECTION_FOREST.R,tools/03_render_direction_forest.R,a036b373dbbf919455282a414fa06418a8933e863d3847f8a79fc9e2f86750a6
00,reproduction_tools,004,portable_entrypoint,tools/REPRODUCE_FINAL_FIGURES.py,tools/04_reproduce_final_figures.py,c0bbd40313b85185cffa52a9acf3cb4bcdd6daea2993cc509185f81e4bdd8534
00,reproduction_tools,005,portable_entrypoint,tools/V2_REPRODUCE_TERMINAL_CHAIN.ps1,tools/05_run_prepared_terminal_chain.ps1,e363a8aa32df8e686c3a85d26ad1db759068306b3b350abb905da7b55f1edb4c
00,reproduction_tools,001,unit_tests,tests/test_final_figure_runner.py,tests/test_01_final_figure_runner.py,14ca6101035ec0855ff8dadd0d8c9669ddb3be87d4c479fa9c1ed31918202f23
