"file","bytes","sha256"
"FIGURE1_architecture.csv","1574","b13ef7d4bf9d5f7bd1f70853c102a4dcd5e45b25ae1b733aeae450bbaf7eb50f"
"FIGURE2_longitudinal_displacement.csv","3213","a4b120776af0dd4a671962655b020f8b44675c2aa34391e941473222122bc880"
"FIGURE3_summary.csv","798","988350f111c7c78d9e684b73b25ed9ac934c4cc8d4307e069f4426efe379dcc7"
"FIGURE3a_day3_day7_paired.csv","2026","9539f1216e3c7315190a6e300bdb85c4410e4bbc790f14e99bf9b2e1ce28318a"
"FIGURE3b_pairwise_trajectory.csv","12990","8ff8c8261d51ccbe3a6c59a36b9956ef6bf9c575a9ff6ef446f9397b5261008f"
"FIGURE3c_correlations.csv","1163","ca05c9ee904b5d8978aa9cdf96f60240b0e775022456a82b5334ddb18fe3df00"
"FIGURE3d_cross_cohort_taxonomic_concordance.csv","2390","ba1746389c84a0e1027b61d01be312d0499045034b867c8b24b2d1d3d3fb2c93"
"FIGURE4_aitchison_pseudocount_sensitivity.csv","1466","e958a24f7e1cf439adced0ba8b2a1e1856bc5bfd3a2914359631f6fa9e4ee505"
"FIGURE4_centroid_comparison.csv","480","a092ca3ea58a441da8936cd47644d932902d75fd9ce502d75b24101c2e130356"
"FIGURE4_group_counts.csv","377","766e346be283c0ec886d72a18006e41a622dd0be8634b5e20290cf0bd6b2f568"
"FIGURE4_taxonomic_alignment.csv","612","94fb7cfdf9ccf3f9f86eb32c2daed235b85818159538071b60efc64f46cc4172"
"FIGURE4a_sample_distances.csv","3117","dfe523135bdf3b43c3e266868cdc582a6b3ea342bdf9b8777b2aae4ebc1ba9c4"
"FIGURE5_baseline_robustness.csv","502","3b98c6b0f028a2aedb2c0123356817cf8fef0f27f1acc43843e3c48839e071c0"
"FIGURE5_primary_interaction.csv","515","be560f7984cc857fdc96eb1c76542b15a1ea8380d200bd46c4258edf9586cb0b"
"FIGURE5_sensitivity.csv","2174","d30b5fe747e8b3dd559f6b7dacc9e28d5f324bd54071d2efb010b5081783aa70"
"FIGURE5_source_specific_slopes.csv","922","8764fe3d8ff41acfe95e74ad162377012c9dfc6bf1aac76ad636da19506a28fb"
"SUPPLEMENTARY_FIGURE_S1_taxonomic_concordance_sensitivity.csv","4190","482e3ef241e284d5bfaf6370180d76db7a7204c11932dd988cef0053120d1ee8"
"SUPPLEMENTARY_FIGURE_S2_pair_counts.csv","1130","b734e02fb48fb3ec0a1440939cff95d270ac066d64f9a10ae33a80386a20a686"
"SUPPLEMENTARY_FIGURE_S3_bray_meta.csv","1622","c962cb1a70bb8f95ffa014d4d6f4bb61540671de91d28cefb9041006fc82ce6b"
"SUPPLEMENTARY_FIGURE_S4_aitchison_meta.csv","1671","226b5d7d49997d22b87ecdb7be8d36d5f44c4930f75ceedd7feac84b4617b743"
"SUPPLEMENTARY_FIGURE_S5_family_balance.csv","1315","c396603725aa783e4b8bca1f5052c9403806e0bb2903397aa08012972d4367a8"
"SUPPLEMENTARY_FIGURE_S6_healthy_reference_paired.csv","3885","ad5df4a00d893420e110d2ea77a99b1260d2965e59f608be9cf8a824126ce5fe"
"SUPPLEMENTARY_FIGURE_S6_summary.csv","912","e3a5dfebbcff45668bcfba67a22ea35e33ae3327744ea8e1e32696194137e50c"
"SUPPLEMENTARY_FIGURES_S3_S4_pooled.csv","736","aeadcb8717d12951d36ac7eb5be69eb8b5d59315a018dc640c4a4c0770ce4bbd"
