Phase,InventoryOrder,Category,Script,Description,LegacyScript,ExecutionNote
00,001,portable_entrypoint,tools/01_reproduce_selected_statistics.R,01_reproduce_selected_statistics,tools/REPRODUCE_SELECTED_STATISTICS.R,Use START_HERE; catalogue order is not an instruction to execute all historical revisions
00,001,unit_tests,tests/test_01_final_figure_runner.py,test_01_final_figure_runner,tests/test_final_figure_runner.py,Use START_HERE; catalogue order is not an instruction to execute all historical revisions
00,002,portable_entrypoint,tools/02_reproduce_specimen_sensitivity.R,02_reproduce_specimen_sensitivity,tools/REPRODUCE_SPECIMEN_SENSITIVITY.R,Use START_HERE; catalogue order is not an instruction to execute all historical revisions
00,003,portable_entrypoint,tools/03_render_direction_forest.R,03_render_direction_forest,tools/RENDER_DIRECTION_FOREST.R,Use START_HERE; catalogue order is not an instruction to execute all historical revisions
00,004,portable_entrypoint,tools/04_reproduce_final_figures.py,04_reproduce_final_figures,tools/REPRODUCE_FINAL_FIGURES.py,Use START_HERE; catalogue order is not an instruction to execute all historical revisions
00,005,portable_entrypoint,tools/05_run_prepared_terminal_chain.ps1,05_run_prepared_terminal_chain,tools/V2_REPRODUCE_TERMINAL_CHAIN.ps1,Use START_HERE; catalogue order is not an instruction to execute all historical revisions
01,001,historical_program,analysis/01_001_build_project_inventory.ps1,01_001_build_project_inventory,analysis/60_build_v2_project_inventory.ps1,Use START_HERE; catalogue order is not an instruction to execute all historical revisions
01,002,historical_program,analysis/01_002_profile_metadata.py,01_002_profile_metadata,analysis/61_profile_v2_metadata.py,Use START_HERE; catalogue order is not an instruction to execute all historical revisions
01,003,historical_program,analysis/01_003_profile_metadata_revision_02.py,01_003_profile_metadata_revision_02,analysis/61_profile_v2_metadata_V2.py,Use START_HERE; catalogue order is not an instruction to execute all historical revisions
01,004,historical_program,analysis/01_004_fetch_public_metadata.py,01_004_fetch_public_metadata,analysis/63_fetch_v2_public_metadata.py,Use START_HERE; catalogue order is not an instruction to execute all historical revisions
01,005,historical_program,analysis/01_005_fetch_missing_public_resources.py,01_005_fetch_missing_public_resources,analysis/64_fetch_missing_public_resources.py,Use START_HERE; catalogue order is not an instruction to execute all historical revisions
01,006,historical_program,analysis/01_006_audit_metadata_coverage.py,01_006_audit_metadata_coverage,analysis/65_audit_v2_metadata_coverage.py,Use START_HERE; catalogue order is not an instruction to execute all historical revisions
01,007,historical_program,analysis/01_007_audit_metadata_coverage.R,01_007_audit_metadata_coverage,analysis/65_audit_v2_metadata_coverage.R,Use START_HERE; catalogue order is not an instruction to execute all historical revisions
01,008,historical_program,analysis/01_008_build_sample_patient_time_map.R,01_008_build_sample_patient_time_map,analysis/66_build_sample_patient_time_map.R,Use START_HERE; catalogue order is not an instruction to execute all historical revisions
01,009,historical_program,analysis/01_009_repair_and_adjudicate_mapping.R,01_009_repair_and_adjudicate_mapping,analysis/67_repair_and_adjudicate_v2_mapping.R,Use START_HERE; catalogue order is not an instruction to execute all historical revisions
01,010,historical_program,analysis/01_010_resolve_remaining_public_metadata.R,01_010_resolve_remaining_public_metadata,analysis/68_resolve_remaining_public_metadata.R,Use START_HERE; catalogue order is not an instruction to execute all historical revisions
01,011,historical_program,analysis/01_011_final_public_metadata_rescue.R,01_011_final_public_metadata_rescue,analysis/69_final_public_metadata_rescue.R,Use START_HERE; catalogue order is not an instruction to execute all historical revisions
01,012,historical_program,analysis/01_012_finalize_prjeb82425_prjeb67798_mapping.R,01_012_finalize_prjeb82425_prjeb67798_mapping,analysis/70_finalize_PRJEB82425_PRJEB67798_mapping.R,Use START_HERE; catalogue order is not an instruction to execute all historical revisions
01,013,historical_program,analysis/01_013_finish_exact_metadata_mapping.R,01_013_finish_exact_metadata_mapping,analysis/70B_finish_exact_metadata_mapping.R,Use START_HERE; catalogue order is not an instruction to execute all historical revisions
01,014,historical_program,analysis/01_014_classify_prjeb82425_body_site_from_fastq.R,01_014_classify_prjeb82425_body_site_from_fastq,analysis/71_classify_PRJEB82425_body_site_from_FASTQ.R,Use START_HERE; catalogue order is not an instruction to execute all historical revisions
01,015,historical_program,analysis/01_015_finalize_prjeb82425_body_site.R,01_015_finalize_prjeb82425_body_site,analysis/71B_finalize_PRJEB82425_body_site.R,Use START_HERE; catalogue order is not an instruction to execute all historical revisions
01,016,historical_program,analysis/01_016_build_master_metadata.R,01_016_build_master_metadata,analysis/72_build_v2_master_metadata.R,Use START_HERE; catalogue order is not an instruction to execute all historical revisions
01,017,historical_program,analysis/01_017_merge_legacy_into_full_master.R,01_017_merge_legacy_into_full_master,analysis/73_merge_legacy_into_v2_full_master.R,Use START_HERE; catalogue order is not an instruction to execute all historical revisions
01,018,historical_program,analysis/01_018_audit_longitudinal_eligibility.R,01_018_audit_longitudinal_eligibility,analysis/74_audit_v2_longitudinal_eligibility.R,Use START_HERE; catalogue order is not an instruction to execute all historical revisions
01,019,historical_program,analysis/01_019_triage_missing_projects.R,01_019_triage_missing_projects,analysis/75_triage_missing_v2_projects.R,Use START_HERE; catalogue order is not an instruction to execute all historical revisions
01,020,historical_program,analysis/01_020_rescue_high_value_missing_cohorts.R,01_020_rescue_high_value_missing_cohorts,analysis/76_rescue_high_value_missing_cohorts.R,Use START_HERE; catalogue order is not an instruction to execute all historical revisions
01,021,historical_program,analysis/01_021_continue_high_value_metadata_rescue.R,01_021_continue_high_value_metadata_rescue,analysis/76B_continue_high_value_metadata_rescue.R,Use START_HERE; catalogue order is not an instruction to execute all historical revisions
01,022,historical_program,analysis/01_022_continue_high_value_metadata_rescue_corrected.R,01_022_continue_high_value_metadata_rescue_corrected,analysis/76C_continue_high_value_metadata_rescue_FIXED.R,Use START_HERE; catalogue order is not an instruction to execute all historical revisions
01,023,historical_program,analysis/01_023_continue_high_value_metadata_rescue_corrected_revision_02.R,01_023_continue_high_value_metadata_rescue_corrected_revision_02,analysis/76D_continue_high_value_metadata_rescue_FIXED.R,Use START_HERE; catalogue order is not an instruction to execute all historical revisions
01,024,historical_program,analysis/01_024_finalize_68229_adjudicate_1125274.R,01_024_finalize_68229_adjudicate_1125274,analysis/77_finalize_68229_adjudicate_1125274.R,Use START_HERE; catalogue order is not an instruction to execute all historical revisions
01,025,historical_program,analysis/01_025_robust_rescue_prjna851469_cra002354.R,01_025_robust_rescue_prjna851469_cra002354,analysis/78A2_robust_rescue_PRJNA851469_CRA002354.R,Use START_HERE; catalogue order is not an instruction to execute all historical revisions
01,026,historical_program,analysis/01_026_rescue_prjna851469_cra002354.R,01_026_rescue_prjna851469_cra002354,analysis/78A_rescue_PRJNA851469_CRA002354.R,Use START_HERE; catalogue order is not an instruction to execute all historical revisions
01,027,historical_program,analysis/01_027_parse_prjna851469_cra002354_metadata_offline.R,01_027_parse_prjna851469_cra002354_metadata_offline,analysis/79_parse_PRJNA851469_CRA002354_metadata_OFFLINE.R,Use START_HERE; catalogue order is not an instruction to execute all historical revisions
01,028,historical_program,analysis/01_028_finalize_cra002354_prjna851469_metadata_offline.R,01_028_finalize_cra002354_prjna851469_metadata_offline,analysis/80_finalize_CRA002354_PRJNA851469_metadata_OFFLINE.R,Use START_HERE; catalogue order is not an instruction to execute all historical revisions
01,029,historical_program,analysis/01_029_finalize_core_metadata_robust_offline.R,01_029_finalize_core_metadata_robust_offline,analysis/80B_finalize_core_metadata_ROBUST_OFFLINE.R,Use START_HERE; catalogue order is not an instruction to execute all historical revisions
01,030,historical_program,analysis/01_030_fix_cra_clinical_and_map_runs_offline.R,01_030_fix_cra_clinical_and_map_runs_offline,analysis/80C_fix_CRA_clinical_and_map_runs_OFFLINE.R,Use START_HERE; catalogue order is not an instruction to execute all historical revisions
01,031,historical_program,analysis/01_031_finalize_run_mapping_offline.R,01_031_finalize_run_mapping_offline,analysis/80D_finalize_run_mapping_OFFLINE.R,Use START_HERE; catalogue order is not an instruction to execute all historical revisions
01,032,historical_program,analysis/01_032_strict_final_technical_mapping_offline.R,01_032_strict_final_technical_mapping_offline,analysis/80E_strict_final_technical_mapping_OFFLINE.R,Use START_HERE; catalogue order is not an instruction to execute all historical revisions
01,033,historical_program,analysis/01_033_exact_final_mapping_offline.R,01_033_exact_final_mapping_offline,analysis/80F_exact_final_mapping_OFFLINE.R,Use START_HERE; catalogue order is not an instruction to execute all historical revisions
01,034,historical_program,analysis/01_034_build_final_frozen_master_and_audit.R,01_034_build_final_frozen_master_and_audit,analysis/81_build_FINAL_frozen_master_and_audit.R,Use START_HERE; catalogue order is not an instruction to execute all historical revisions
01,035,historical_program,analysis/01_035_build_final_frozen_master_robust.R,01_035_build_final_frozen_master_robust,analysis/81B_build_FINAL_frozen_master_ROBUST.R,Use START_HERE; catalogue order is not an instruction to execute all historical revisions
01,036,historical_program,analysis/01_036_correct_final_cohort_freeze.R,01_036_correct_final_cohort_freeze,analysis/81C_correct_FINAL_cohort_freeze.R,Use START_HERE; catalogue order is not an instruction to execute all historical revisions
01,037,historical_program,analysis/01_037_repair_cra_clinical_and_refreeze.R,01_037_repair_cra_clinical_and_refreeze,analysis/81D_repair_CRA_clinical_and_refreeze.R,Use START_HERE; catalogue order is not an instruction to execute all historical revisions
02,001,historical_program,analysis/02_001_audit_asv_and_raw_sequence_readiness.R,02_001_audit_asv_and_raw_sequence_readiness,analysis/82_audit_ASV_and_raw_sequence_readiness.R,Use START_HERE; catalogue order is not an instruction to execute all historical revisions
02,002,historical_program,analysis/02_002_validate_reusable_asv_and_processing_routes.R,02_002_validate_reusable_asv_and_processing_routes,analysis/82B_validate_reusable_ASV_and_processing_routes.R,Use START_HERE; catalogue order is not an instruction to execute all historical revisions
02,003,historical_program,analysis/02_003_freeze_sequence_processing_routes.R,02_003_freeze_sequence_processing_routes,analysis/82C_freeze_sequence_processing_routes.R,Use START_HERE; catalogue order is not an instruction to execute all historical revisions
02,004,historical_program,analysis/02_004_build_canonical_analysis_workspace.R,02_004_build_canonical_analysis_workspace,analysis/83A_build_canonical_analysis_workspace.R,Use START_HERE; catalogue order is not an instruction to execute all historical revisions
02,005,historical_program,analysis/02_005_audit_read_quality_primer_from_canonical_workspace.R,02_005_audit_read_quality_primer_from_canonical_workspace,analysis/83B_audit_read_quality_primer_from_canonical_workspace.R,Use START_HERE; catalogue order is not an instruction to execute all historical revisions
02,006,historical_program,analysis/02_006_freeze_platform_aware_dada2_pilot_parameters.R,02_006_freeze_platform_aware_dada2_pilot_parameters,analysis/83C_freeze_platform_aware_DADA2_pilot_parameters.R,Use START_HERE; catalogue order is not an instruction to execute all historical revisions
02,007,historical_program,analysis/02_007_retry_prjna1166732_merge_overlap_diagnostic.R,02_007_retry_prjna1166732_merge_overlap_diagnostic,analysis/84A2_retry_PRJNA1166732_merge_overlap_diagnostic.R,Use START_HERE; catalogue order is not an instruction to execute all historical revisions
02,008,historical_program,analysis/02_008_run_5sample_dada2_pilot.R,02_008_run_5sample_dada2_pilot,analysis/84A_run_5sample_DADA2_pilot.R,Use START_HERE; catalogue order is not an instruction to execute all historical revisions
02,009,historical_program,analysis/02_009_prjna578267_samplewise_resume.R,02_009_prjna578267_samplewise_resume,analysis/84B3_PRJNA578267_samplewise_resume.R,Use START_HERE; catalogue order is not an instruction to execute all historical revisions
02,010,historical_program,analysis/02_010_prjna578267_build_prechim_batched.R,02_010_prjna578267_build_prechim_batched,analysis/84B4A_PRJNA578267_build_prechim_batched.R,Use START_HERE; catalogue order is not an instruction to execute all historical revisions
02,011,historical_program,analysis/02_011_prjna578267_remove_chimera_minparent8.R,02_011_prjna578267_remove_chimera_minparent8,analysis/84B4B_PRJNA578267_remove_chimera_minParent8.R,Use START_HERE; catalogue order is not an instruction to execute all historical revisions
02,012,historical_program,analysis/02_012_resume_parallel_manager.ps1,02_012_resume_parallel_manager,analysis/84B_resume_parallel_manager.ps1,Use START_HERE; catalogue order is not an instruction to execute all historical revisions
02,013,historical_program,analysis/02_013_run_full_cohort_dada2.R,02_013_run_full_cohort_dada2,analysis/84B_run_full_cohort_DADA2.R,Use START_HERE; catalogue order is not an instruction to execute all historical revisions
02,014,historical_program,analysis/02_014_finalize_prjna516701_and_close_paired_dada2_batch.R,02_014_finalize_prjna516701_and_close_paired_dada2_batch,analysis/84C_finalize_PRJNA516701_and_close_paired_DADA2_batch.R,Use START_HERE; catalogue order is not an instruction to execute all historical revisions
02,015,historical_program,analysis/02_015_assign_silva1382_taxonomy_corrected_md5.R,02_015_assign_silva1382_taxonomy_corrected_md5,analysis/85A2_assign_SILVA1382_taxonomy_FIXED_MD5.R,Use START_HERE; catalogue order is not an instruction to execute all historical revisions
02,016,historical_program,analysis/02_016_assign_silva1382_taxonomy_zenodo_corrected.R,02_016_assign_silva1382_taxonomy_zenodo_corrected,analysis/85A3_assign_SILVA1382_taxonomy_ZENODO_FIXED.R,Use START_HERE; catalogue order is not an instruction to execute all historical revisions
02,017,historical_program,analysis/02_017_assign_silva1382_taxonomy_to_selected_asvs.R,02_017_assign_silva1382_taxonomy_to_selected_asvs,analysis/85A_assign_SILVA1382_taxonomy_to_selected_ASVs.R,Use START_HERE; catalogue order is not an instruction to execute all historical revisions
02,018,historical_program,analysis/02_018_taxonomy_qc_and_depth_audit_corrected.R,02_018_taxonomy_qc_and_depth_audit_corrected,analysis/85B2_taxonomy_QC_and_depth_audit_FIXED.R,Use START_HERE; catalogue order is not an instruction to execute all historical revisions
02,019,historical_program,analysis/02_019_taxonomy_qc_and_depth_audit.R,02_019_taxonomy_qc_and_depth_audit,analysis/85B_taxonomy_QC_and_depth_audit.R,Use START_HERE; catalogue order is not an instruction to execute all historical revisions
02,020,historical_program,analysis/02_020_freeze_taxonomy_filter_and_audit_longitudinal_depth.R,02_020_freeze_taxonomy_filter_and_audit_longitudinal_depth,analysis/85C_86A_freeze_taxonomy_filter_and_audit_longitudinal_depth.R,Use START_HERE; catalogue order is not an instruction to execute all historical revisions
02,021,historical_program,analysis/02_021_correct_depth_audit_and_freeze_min2000.R,02_021_correct_depth_audit_and_freeze_min2000,analysis/86B_correct_depth_audit_and_freeze_min2000.R,Use START_HERE; catalogue order is not an instruction to execute all historical revisions
03,001,historical_program,analysis/03_001_rebuild_full_analysis_metadata_and_replicate_audit_corrected.R,03_001_rebuild_full_analysis_metadata_and_replicate_audit_corrected,analysis/87A2_rebuild_full_analysis_metadata_and_replicate_audit_FIXED.R,Use START_HERE; catalogue order is not an instruction to execute all historical revisions
03,002,historical_program,analysis/03_002_rebuild_full_analysis_metadata_and_replicate_audit.R,03_002_rebuild_full_analysis_metadata_and_replicate_audit,analysis/87A_rebuild_full_analysis_metadata_and_replicate_audit.R,Use START_HERE; catalogue order is not an instruction to execute all historical revisions
03,003,historical_launcher,analysis/03_003_freeze_replicate_rule_and_build_analysis_objects_run.ps1,03_003_freeze_replicate_rule_and_build_analysis_objects_run,analysis/RUN_STEP87B.ps1,Use START_HERE; catalogue order is not an instruction to execute all historical revisions
03,003,historical_program,analysis/03_003_freeze_replicate_rule_and_build_analysis_objects.R,03_003_freeze_replicate_rule_and_build_analysis_objects,analysis/87B_freeze_replicate_rule_and_build_analysis_objects.R,Use START_HERE; catalogue order is not an instruction to execute all historical revisions
03,004,historical_launcher,analysis/03_004_longitudinal_diversity_and_displacement_corrected_run.ps1,03_004_longitudinal_diversity_and_displacement_corrected_run,analysis/RUN_STEP88A2_FIXED.ps1,Use START_HERE; catalogue order is not an instruction to execute all historical revisions
03,004,historical_program,analysis/03_004_longitudinal_diversity_and_displacement_corrected.R,03_004_longitudinal_diversity_and_displacement_corrected,analysis/88A2_longitudinal_diversity_and_displacement_FIXED.R,Use START_HERE; catalogue order is not an instruction to execute all historical revisions
03,005,historical_launcher,analysis/03_005_longitudinal_diversity_and_displacement_run.ps1,03_005_longitudinal_diversity_and_displacement_run,analysis/RUN_STEP88A.ps1,Use START_HERE; catalogue order is not an instruction to execute all historical revisions
03,005,historical_program,analysis/03_005_longitudinal_diversity_and_displacement.R,03_005_longitudinal_diversity_and_displacement,analysis/88A_longitudinal_diversity_and_displacement.R,Use START_HERE; catalogue order is not an instruction to execute all historical revisions
03,006,historical_launcher,analysis/03_006_anchor_robustness_and_paired_contrasts_run.ps1,03_006_anchor_robustness_and_paired_contrasts_run,analysis/RUN_STEP88B.ps1,Use START_HERE; catalogue order is not an instruction to execute all historical revisions
03,006,historical_program,analysis/03_006_anchor_robustness_and_paired_contrasts.R,03_006_anchor_robustness_and_paired_contrasts,analysis/88B_anchor_robustness_and_paired_contrasts.R,Use START_HERE; catalogue order is not an instruction to execute all historical revisions
03,007,historical_launcher,analysis/03_007_taxonomic_paired_trajectory_screen_corrected_run.ps1,03_007_taxonomic_paired_trajectory_screen_corrected_run,analysis/RUN_STEP89A2_FIXED.ps1,Use START_HERE; catalogue order is not an instruction to execute all historical revisions
03,007,historical_program,analysis/03_007_taxonomic_paired_trajectory_screen_corrected.R,03_007_taxonomic_paired_trajectory_screen_corrected,analysis/89A2_taxonomic_paired_trajectory_screen_FIXED.R,Use START_HERE; catalogue order is not an instruction to execute all historical revisions
03,008,historical_launcher,analysis/03_008_taxonomic_paired_trajectory_screen_run.ps1,03_008_taxonomic_paired_trajectory_screen_run,analysis/RUN_STEP89A.ps1,Use START_HERE; catalogue order is not an instruction to execute all historical revisions
03,008,historical_program,analysis/03_008_taxonomic_paired_trajectory_screen.R,03_008_taxonomic_paired_trajectory_screen,analysis/89A_taxonomic_paired_trajectory_screen.R,Use START_HERE; catalogue order is not an instruction to execute all historical revisions
03,009,historical_launcher,analysis/03_009_taxonomic_robustness_and_provenance_run.ps1,03_009_taxonomic_robustness_and_provenance_run,analysis/RUN_STEP89B.ps1,Use START_HERE; catalogue order is not an instruction to execute all historical revisions
03,009,historical_program,analysis/03_009_taxonomic_robustness_and_provenance.R,03_009_taxonomic_robustness_and_provenance,analysis/89B_taxonomic_robustness_and_provenance.R,Use START_HERE; catalogue order is not an instruction to execute all historical revisions
03,010,historical_launcher,analysis/03_010_ecological_robustness_and_shared_taxonomy_run.ps1,03_010_ecological_robustness_and_shared_taxonomy_run,analysis/RUN_STEP90A.ps1,Use START_HERE; catalogue order is not an instruction to execute all historical revisions
03,010,historical_program,analysis/03_010_ecological_robustness_and_shared_taxonomy.R,03_010_ecological_robustness_and_shared_taxonomy,analysis/90A_ecological_robustness_and_shared_taxonomy.R,Use START_HERE; catalogue order is not an instruction to execute all historical revisions
03,011,historical_launcher,analysis/03_011_corrected_coherence_inference_run.ps1,03_011_corrected_coherence_inference_run,analysis/RUN_STEP90B.ps1,Use START_HERE; catalogue order is not an instruction to execute all historical revisions
03,011,historical_program,analysis/03_011_corrected_coherence_inference.R,03_011_corrected_coherence_inference,analysis/90B_corrected_coherence_inference.R,Use START_HERE; catalogue order is not an instruction to execute all historical revisions
04,001,historical_launcher,analysis/04_001_infection_source_feasibility_audit_run.ps1,04_001_infection_source_feasibility_audit_run,analysis/RUN_STEP91A.ps1,Use START_HERE; catalogue order is not an instruction to execute all historical revisions
04,001,historical_program,analysis/04_001_infection_source_feasibility_audit.R,04_001_infection_source_feasibility_audit,analysis/91A_infection_source_feasibility_audit.R,Use START_HERE; catalogue order is not an instruction to execute all historical revisions
04,002,historical_launcher,analysis/04_002_infection_source_freeze_and_analysis_corrected_run.ps1,04_002_infection_source_freeze_and_analysis_corrected_run,analysis/RUN_STEP91B2_FIXED.ps1,Use START_HERE; catalogue order is not an instruction to execute all historical revisions
04,002,historical_program,analysis/04_002_infection_source_freeze_and_analysis_corrected.R,04_002_infection_source_freeze_and_analysis_corrected,analysis/91B2_infection_source_freeze_and_analysis_FIXED.R,Use START_HERE; catalogue order is not an instruction to execute all historical revisions
04,003,historical_launcher,analysis/04_003_infection_source_freeze_and_analysis_field_collision_corrected_run.ps1,04_003_infection_source_freeze_and_analysis_field_collision_corrected_run,analysis/RUN_STEP91B3_FIXED.ps1,Use START_HERE; catalogue order is not an instruction to execute all historical revisions
04,003,historical_program,analysis/04_003_infection_source_freeze_and_analysis_field_collision_corrected.R,04_003_infection_source_freeze_and_analysis_field_collision_corrected,analysis/91B3_infection_source_freeze_and_analysis_FIELD_COLLISION_FIXED.R,Use START_HERE; catalogue order is not an instruction to execute all historical revisions
04,004,historical_launcher,analysis/04_004_infection_source_freeze_and_analysis_attrition_corrected_run.ps1,04_004_infection_source_freeze_and_analysis_attrition_corrected_run,analysis/RUN_STEP91B4_FIXED.ps1,Use START_HERE; catalogue order is not an instruction to execute all historical revisions
04,004,historical_program,analysis/04_004_infection_source_freeze_and_analysis_attrition_corrected.R,04_004_infection_source_freeze_and_analysis_attrition_corrected,analysis/91B4_infection_source_freeze_and_analysis_ATTRITION_FIXED.R,Use START_HERE; catalogue order is not an instruction to execute all historical revisions
04,005,historical_launcher,analysis/04_005_infection_source_freeze_and_analysis_run.ps1,04_005_infection_source_freeze_and_analysis_run,analysis/RUN_STEP91B.ps1,Use START_HERE; catalogue order is not an instruction to execute all historical revisions
04,005,historical_program,analysis/04_005_infection_source_freeze_and_analysis.R,04_005_infection_source_freeze_and_analysis,analysis/91B_infection_source_freeze_and_analysis.R,Use START_HERE; catalogue order is not an instruction to execute all historical revisions
04,006,historical_launcher,analysis/04_006_metadata_enhancement_audit_run.ps1,04_006_metadata_enhancement_audit_run,analysis/RUN_STEP_V2_36_METADATA_AUDIT.ps1,Use START_HERE; catalogue order is not an instruction to execute all historical revisions
04,006,historical_program,analysis/04_006_metadata_enhancement_audit.R,04_006_metadata_enhancement_audit,analysis/V2_36_metadata_enhancement_audit.R,Use START_HERE; catalogue order is not an instruction to execute all historical revisions
04,007,historical_launcher,analysis/04_007_clinical_metadata_deep_audit_run.ps1,04_007_clinical_metadata_deep_audit_run,analysis/RUN_STEP_V2_36B.ps1,Use START_HERE; catalogue order is not an instruction to execute all historical revisions
04,007,historical_program,analysis/04_007_clinical_metadata_deep_audit.R,04_007_clinical_metadata_deep_audit,analysis/V2_36B_clinical_metadata_deep_audit.R,Use START_HERE; catalogue order is not an instruction to execute all historical revisions
04,008,historical_launcher,analysis/04_008_clinical_variable_characterization_run.ps1,04_008_clinical_variable_characterization_run,analysis/RUN_STEP_V2_36C.ps1,Use START_HERE; catalogue order is not an instruction to execute all historical revisions
04,008,historical_program,analysis/04_008_clinical_variable_characterization.R,04_008_clinical_variable_characterization,analysis/V2_36C_clinical_variable_characterization.R,Use START_HERE; catalogue order is not an instruction to execute all historical revisions
04,009,historical_launcher,analysis/04_009_value_level_clinical_feasibility_run.ps1,04_009_value_level_clinical_feasibility_run,analysis/RUN_STEP_V2_36D.ps1,Use START_HERE; catalogue order is not an instruction to execute all historical revisions
04,009,historical_program,analysis/04_009_value_level_clinical_feasibility.R,04_009_value_level_clinical_feasibility,analysis/V2_36D_value_level_clinical_feasibility.R,Use START_HERE; catalogue order is not an instruction to execute all historical revisions
04,010,historical_launcher,analysis/04_010_raw_clinical_metadata_recovery_audit_corrected_run.ps1,04_010_raw_clinical_metadata_recovery_audit_corrected_run,analysis/RUN_STEP_V2_36E2.ps1,Use START_HERE; catalogue order is not an instruction to execute all historical revisions
04,010,historical_program,analysis/04_010_raw_clinical_metadata_recovery_audit_corrected.R,04_010_raw_clinical_metadata_recovery_audit_corrected,analysis/V2_36E2_raw_clinical_metadata_recovery_audit_fixed.R,Use START_HERE; catalogue order is not an instruction to execute all historical revisions
04,011,historical_launcher,analysis/04_011_raw_clinical_metadata_recovery_audit_run.ps1,04_011_raw_clinical_metadata_recovery_audit_run,analysis/RUN_STEP_V2_36E.ps1,Use START_HERE; catalogue order is not an instruction to execute all historical revisions
04,011,historical_program,analysis/04_011_raw_clinical_metadata_recovery_audit.R,04_011_raw_clinical_metadata_recovery_audit,analysis/V2_36E_raw_clinical_metadata_recovery_audit.R,Use START_HERE; catalogue order is not an instruction to execute all historical revisions
04,012,historical_launcher,analysis/04_012_prjna851469_clinical_recovery_linkage_run.ps1,04_012_prjna851469_clinical_recovery_linkage_run,analysis/RUN_STEP_V2_36F.ps1,Use START_HERE; catalogue order is not an instruction to execute all historical revisions
04,012,historical_program,analysis/04_012_prjna851469_clinical_recovery_linkage.R,04_012_prjna851469_clinical_recovery_linkage,analysis/V2_36F_PRJNA851469_clinical_recovery_linkage.R,Use START_HERE; catalogue order is not an instruction to execute all historical revisions
04,013,historical_launcher,analysis/04_013_prjna851469_day3_clinical_outcome_models_corrected_run.ps1,04_013_prjna851469_day3_clinical_outcome_models_corrected_run,analysis/RUN_STEP_V2_36G2.ps1,Use START_HERE; catalogue order is not an instruction to execute all historical revisions
04,013,historical_program,analysis/04_013_prjna851469_day3_clinical_outcome_models_corrected.R,04_013_prjna851469_day3_clinical_outcome_models_corrected,analysis/V2_36G2_PRJNA851469_day3_clinical_outcome_models_FIXED.R,Use START_HERE; catalogue order is not an instruction to execute all historical revisions
04,014,historical_launcher,analysis/04_014_prjna851469_day3_clinical_outcome_models_run.ps1,04_014_prjna851469_day3_clinical_outcome_models_run,analysis/RUN_STEP_V2_36G.ps1,Use START_HERE; catalogue order is not an instruction to execute all historical revisions
04,014,historical_program,analysis/04_014_prjna851469_day3_clinical_outcome_models.R,04_014_prjna851469_day3_clinical_outcome_models,analysis/V2_36G_PRJNA851469_day3_clinical_outcome_models.R,Use START_HERE; catalogue order is not an instruction to execute all historical revisions
04,015,historical_launcher,analysis/04_015_cross_cohort_taxonomic_reproducibility_audit_run.ps1,04_015_cross_cohort_taxonomic_reproducibility_audit_run,analysis/RUN_STEP_V2_36H.ps1,Use START_HERE; catalogue order is not an instruction to execute all historical revisions
04,015,historical_program,analysis/04_015_cross_cohort_taxonomic_reproducibility_audit.R,04_015_cross_cohort_taxonomic_reproducibility_audit,analysis/V2_36H_cross_cohort_taxonomic_reproducibility_audit.R,Use START_HERE; catalogue order is not an instruction to execute all historical revisions
04,016,historical_launcher,analysis/04_016_comparison_selection_fix_run.ps1,04_016_comparison_selection_fix_run,analysis/RUN_STEP_V2_36I2.ps1,Use START_HERE; catalogue order is not an instruction to execute all historical revisions
04,016,historical_program,analysis/04_016_comparison_selection_fix.R,04_016_comparison_selection_fix,analysis/V2_36I2_comparison_selection_fix.R,Use START_HERE; catalogue order is not an instruction to execute all historical revisions
04,017,historical_launcher,analysis/04_017_cross_cohort_taxonomic_reproducibility_final_run.ps1,04_017_cross_cohort_taxonomic_reproducibility_final_run,analysis/RUN_STEP_V2_36I3.ps1,Use START_HERE; catalogue order is not an instruction to execute all historical revisions
04,017,historical_program,analysis/04_017_cross_cohort_taxonomic_reproducibility_final.R,04_017_cross_cohort_taxonomic_reproducibility_final,analysis/V2_36I3_cross_cohort_taxonomic_reproducibility_FINAL.R,Use START_HERE; catalogue order is not an instruction to execute all historical revisions
04,018,historical_launcher,analysis/04_018_cross_cohort_taxonomic_reproducibility_run.ps1,04_018_cross_cohort_taxonomic_reproducibility_run,analysis/RUN_STEP_V2_36I.ps1,Use START_HERE; catalogue order is not an instruction to execute all historical revisions
04,018,historical_program,analysis/04_018_cross_cohort_taxonomic_reproducibility.R,04_018_cross_cohort_taxonomic_reproducibility,analysis/V2_36I_cross_cohort_taxonomic_reproducibility.R,Use START_HERE; catalogue order is not an instruction to execute all historical revisions
04,019,historical_launcher,analysis/04_019_microbiome_enhancement_evidence_freeze_run.ps1,04_019_microbiome_enhancement_evidence_freeze_run,analysis/RUN_STEP_V2_36J.ps1,Use START_HERE; catalogue order is not an instruction to execute all historical revisions
04,019,historical_program,analysis/04_019_microbiome_enhancement_evidence_freeze.R,04_019_microbiome_enhancement_evidence_freeze,analysis/V2_36J_microbiome_enhancement_evidence_freeze.R,Use START_HERE; catalogue order is not an instruction to execute all historical revisions
04,020,historical_utility,analysis/04_020_check_clinical_characterization_package_utility.ps1,04_020_check_clinical_characterization_package_utility,analysis/CHECK_RERUN_PACKAGE_STEP36C.ps1,Use START_HERE; catalogue order is not an instruction to execute all historical revisions
05,001,historical_launcher,analysis/05_001_eii_feasibility_audit_run.ps1,05_001_eii_feasibility_audit_run,analysis/RUN_STEP92A.ps1,Use START_HERE; catalogue order is not an instruction to execute all historical revisions
05,001,historical_program,analysis/05_001_eii_feasibility_audit.R,05_001_eii_feasibility_audit,analysis/92A_EII_feasibility_audit.R,Use START_HERE; catalogue order is not an instruction to execute all historical revisions
05,002,historical_launcher,analysis/05_002_eii_baseline_harmonization_corrected_run.ps1,05_002_eii_baseline_harmonization_corrected_run,analysis/RUN_STEP92B2.ps1,Use START_HERE; catalogue order is not an instruction to execute all historical revisions
05,002,historical_program,analysis/05_002_eii_baseline_harmonization_corrected.R,05_002_eii_baseline_harmonization_corrected,analysis/92B2_EII_baseline_harmonization_fixed.R,Use START_HERE; catalogue order is not an instruction to execute all historical revisions
05,003,historical_launcher,analysis/05_003_eii_construction_run.ps1,05_003_eii_construction_run,analysis/RUN_STEP92B.ps1,Use START_HERE; catalogue order is not an instruction to execute all historical revisions
05,003,historical_program,analysis/05_003_eii_construction.R,05_003_eii_construction,analysis/92B_EII_construction.R,Use START_HERE; catalogue order is not an instruction to execute all historical revisions
05,004,historical_launcher,analysis/05_004_eii_cross_cohort_validation_run.ps1,05_004_eii_cross_cohort_validation_run,analysis/RUN_STEP92C.ps1,Use START_HERE; catalogue order is not an instruction to execute all historical revisions
05,004,historical_program,analysis/05_004_eii_cross_cohort_validation.R,05_004_eii_cross_cohort_validation,analysis/92C_EII_cross_cohort_validation.R,Use START_HERE; catalogue order is not an instruction to execute all historical revisions
05,005,historical_launcher,analysis/05_005_eii_stability_comparison_run.ps1,05_005_eii_stability_comparison_run,analysis/RUN_STEP92D.ps1,Use START_HERE; catalogue order is not an instruction to execute all historical revisions
05,005,historical_program,analysis/05_005_eii_stability_comparison.R,05_005_eii_stability_comparison,analysis/92D_EII_stability_comparison.R,Use START_HERE; catalogue order is not an instruction to execute all historical revisions
05,006,historical_launcher,analysis/05_006_taxonomic_heterogeneity_vs_eii_run.ps1,05_006_taxonomic_heterogeneity_vs_eii_run,analysis/RUN_STEP93A.ps1,Use START_HERE; catalogue order is not an instruction to execute all historical revisions
05,006,historical_program,analysis/05_006_taxonomic_heterogeneity_vs_eii.R,05_006_taxonomic_heterogeneity_vs_eii,analysis/93A_taxonomic_heterogeneity_vs_EII.R,Use START_HERE; catalogue order is not an instruction to execute all historical revisions
05,007,historical_launcher,analysis/05_007_taxonomic_trajectory_heterogeneity_run.ps1,05_007_taxonomic_trajectory_heterogeneity_run,analysis/RUN_STEP93B.ps1,Use START_HERE; catalogue order is not an instruction to execute all historical revisions
05,007,historical_program,analysis/05_007_taxonomic_trajectory_heterogeneity.R,05_007_taxonomic_trajectory_heterogeneity,analysis/93B_taxonomic_trajectory_heterogeneity.R,Use START_HERE; catalogue order is not an instruction to execute all historical revisions
05,008,historical_launcher,analysis/05_008_taxonomic_divergence_vs_eii_run.ps1,05_008_taxonomic_divergence_vs_eii_run,analysis/RUN_STEP93C.ps1,Use START_HERE; catalogue order is not an instruction to execute all historical revisions
05,008,historical_program,analysis/05_008_taxonomic_divergence_vs_eii.R,05_008_taxonomic_divergence_vs_eii,analysis/93C_taxonomic_divergence_vs_EII.R,Use START_HERE; catalogue order is not an instruction to execute all historical revisions
05,009,historical_launcher,analysis/05_009_taxonomic_heterogeneity_index_run.ps1,05_009_taxonomic_heterogeneity_index_run,analysis/RUN_STEP93D.ps1,Use START_HERE; catalogue order is not an instruction to execute all historical revisions
05,009,historical_program,analysis/05_009_taxonomic_heterogeneity_index.R,05_009_taxonomic_heterogeneity_index,analysis/93D_taxonomic_heterogeneity_index.R,Use START_HERE; catalogue order is not an instruction to execute all historical revisions
05,010,historical_launcher,analysis/05_010_taxonomic_trajectory_divergence_run.ps1,05_010_taxonomic_trajectory_divergence_run,analysis/RUN_STEP93E.ps1,Use START_HERE; catalogue order is not an instruction to execute all historical revisions
05,010,historical_program,analysis/05_010_taxonomic_trajectory_divergence.R,05_010_taxonomic_trajectory_divergence,analysis/93E_taxonomic_trajectory_divergence.R,Use START_HERE; catalogue order is not an instruction to execute all historical revisions
05,011,historical_launcher,analysis/05_011_taxonomic_heterogeneity_calculation_run.ps1,05_011_taxonomic_heterogeneity_calculation_run,analysis/RUN_STEP93F.ps1,Use START_HERE; catalogue order is not an instruction to execute all historical revisions
05,011,historical_program,analysis/05_011_taxonomic_heterogeneity_calculation.R,05_011_taxonomic_heterogeneity_calculation,analysis/93F_taxonomic_heterogeneity_calculation.R,Use START_HERE; catalogue order is not an instruction to execute all historical revisions
05,012,historical_launcher,analysis/05_012_taxonomic_trajectory_divergence_revision_02_run.ps1,05_012_taxonomic_trajectory_divergence_revision_02_run,analysis/RUN_STEP93G.ps1,Use START_HERE; catalogue order is not an instruction to execute all historical revisions
05,012,historical_program,analysis/05_012_taxonomic_trajectory_divergence_revision_02.R,05_012_taxonomic_trajectory_divergence_revision_02,analysis/93G_taxonomic_trajectory_divergence.R,Use START_HERE; catalogue order is not an instruction to execute all historical revisions
05,013,historical_launcher,analysis/05_013_taxonomic_trajectory_distance_run.ps1,05_013_taxonomic_trajectory_distance_run,analysis/RUN_STEP93H.ps1,Use START_HERE; catalogue order is not an instruction to execute all historical revisions
05,013,historical_program,analysis/05_013_taxonomic_trajectory_distance.R,05_013_taxonomic_trajectory_distance,analysis/93H_taxonomic_trajectory_distance.R,Use START_HERE; catalogue order is not an instruction to execute all historical revisions
05,014,historical_launcher,analysis/05_014_taxonomic_matrix_selection_fix_run.ps1,05_014_taxonomic_matrix_selection_fix_run,analysis/RUN_STEP93I.ps1,Use START_HERE; catalogue order is not an instruction to execute all historical revisions
05,014,historical_program,analysis/05_014_taxonomic_matrix_selection_fix.R,05_014_taxonomic_matrix_selection_fix,analysis/93I_taxonomic_matrix_selection_fix.R,Use START_HERE; catalogue order is not an instruction to execute all historical revisions
05,015,historical_launcher,analysis/05_015_raw_abundance_matrix_discovery_run.ps1,05_015_raw_abundance_matrix_discovery_run,analysis/RUN_STEP93J.ps1,Use START_HERE; catalogue order is not an instruction to execute all historical revisions
05,015,historical_program,analysis/05_015_raw_abundance_matrix_discovery.R,05_015_raw_abundance_matrix_discovery,analysis/93J_raw_abundance_matrix_discovery.R,Use START_HERE; catalogue order is not an instruction to execute all historical revisions
05,016,historical_launcher,analysis/05_016_genus_matrix_validation_run.ps1,05_016_genus_matrix_validation_run,analysis/RUN_STEP93K.ps1,Use START_HERE; catalogue order is not an instruction to execute all historical revisions
05,016,historical_program,analysis/05_016_genus_matrix_validation.R,05_016_genus_matrix_validation,analysis/93K_genus_matrix_validation.R,Use START_HERE; catalogue order is not an instruction to execute all historical revisions
05,017,historical_launcher,analysis/05_017_taxonomic_trajectory_reconstruction_run.ps1,05_017_taxonomic_trajectory_reconstruction_run,analysis/RUN_STEP93L.ps1,Use START_HERE; catalogue order is not an instruction to execute all historical revisions
05,017,historical_program,analysis/05_017_taxonomic_trajectory_reconstruction.R,05_017_taxonomic_trajectory_reconstruction,analysis/93L_taxonomic_trajectory_reconstruction.R,Use START_HERE; catalogue order is not an instruction to execute all historical revisions
05,018,historical_launcher,analysis/05_018_download_metadata_from_ncbi_run.ps1,05_018_download_metadata_from_ncbi_run,analysis/RUN_STEP93M.ps1,Use START_HERE; catalogue order is not an instruction to execute all historical revisions
05,018,historical_program,analysis/05_018_download_metadata_from_ncbi.R,05_018_download_metadata_from_ncbi,analysis/93M_download_metadata_from_NCBI.R,Use START_HERE; catalogue order is not an instruction to execute all historical revisions
05,019,historical_launcher,analysis/05_019_metadata_autodiscovery_run.ps1,05_019_metadata_autodiscovery_run,analysis/RUN_STEP93N2.ps1,Use START_HERE; catalogue order is not an instruction to execute all historical revisions
05,019,historical_program,analysis/05_019_metadata_autodiscovery.R,05_019_metadata_autodiscovery,analysis/93N2_metadata_autodiscovery.R,Use START_HERE; catalogue order is not an instruction to execute all historical revisions
05,020,historical_launcher,analysis/05_020_metadata_strict_mapping_run.ps1,05_020_metadata_strict_mapping_run,analysis/RUN_STEP93N3.ps1,Use START_HERE; catalogue order is not an instruction to execute all historical revisions
05,020,historical_program,analysis/05_020_metadata_strict_mapping.R,05_020_metadata_strict_mapping,analysis/93N3_metadata_strict_mapping.R,Use START_HERE; catalogue order is not an instruction to execute all historical revisions
05,021,historical_launcher,analysis/05_021_patient_timepoint_reconstruction_run.ps1,05_021_patient_timepoint_reconstruction_run,analysis/RUN_STEP93N4.ps1,Use START_HERE; catalogue order is not an instruction to execute all historical revisions
05,021,historical_program,analysis/05_021_patient_timepoint_reconstruction.R,05_021_patient_timepoint_reconstruction,analysis/93N4_patient_timepoint_reconstruction.R,Use START_HERE; catalogue order is not an instruction to execute all historical revisions
05,022,historical_launcher,analysis/05_022_sample_mapping_build_run.ps1,05_022_sample_mapping_build_run,analysis/RUN_STEP93N.ps1,Use START_HERE; catalogue order is not an instruction to execute all historical revisions
05,022,historical_program,analysis/05_022_sample_mapping_build.R,05_022_sample_mapping_build,analysis/93N_sample_mapping_build.R,Use START_HERE; catalogue order is not an instruction to execute all historical revisions
05,023,historical_launcher,analysis/05_023_taxonomic_abundance_metadata_integration_run.ps1,05_023_taxonomic_abundance_metadata_integration_run,analysis/RUN_STEP93O.ps1,Use START_HERE; catalogue order is not an instruction to execute all historical revisions
05,023,historical_program,analysis/05_023_taxonomic_abundance_metadata_integration.R,05_023_taxonomic_abundance_metadata_integration,analysis/93O_taxonomic_abundance_metadata_integration.R,Use START_HERE; catalogue order is not an instruction to execute all historical revisions
05,024,historical_launcher,analysis/05_024_longitudinal_taxonomic_trajectory_analysis_run.ps1,05_024_longitudinal_taxonomic_trajectory_analysis_run,analysis/RUN_STEP93P.ps1,Use START_HERE; catalogue order is not an instruction to execute all historical revisions
05,024,historical_program,analysis/05_024_longitudinal_taxonomic_trajectory_analysis.R,05_024_longitudinal_taxonomic_trajectory_analysis,analysis/93P_longitudinal_taxonomic_trajectory_analysis.R,Use START_HERE; catalogue order is not an instruction to execute all historical revisions
05,025,historical_launcher,analysis/05_025_trajectory_patient_id_reconstruction_fix_run.ps1,05_025_trajectory_patient_id_reconstruction_fix_run,analysis/RUN_STEP93Q.ps1,Use START_HERE; catalogue order is not an instruction to execute all historical revisions
05,025,historical_program,analysis/05_025_trajectory_patient_id_reconstruction_fix.R,05_025_trajectory_patient_id_reconstruction_fix,analysis/93Q_trajectory_patient_id_reconstruction_fix.R,Use START_HERE; catalogue order is not an instruction to execute all historical revisions
05,026,historical_launcher,analysis/05_026_trajectory_distance_final_fix_run.ps1,05_026_trajectory_distance_final_fix_run,analysis/RUN_STEP93R2.ps1,Use START_HERE; catalogue order is not an instruction to execute all historical revisions
05,026,historical_program,analysis/05_026_trajectory_distance_final_fix.R,05_026_trajectory_distance_final_fix,analysis/93R2_trajectory_distance_final_fix.R,Use START_HERE; catalogue order is not an instruction to execute all historical revisions
05,027,historical_launcher,analysis/05_027_fix_na_trajectory_run.ps1,05_027_fix_na_trajectory_run,analysis/RUN_STEP93R_FIX.ps1,Use START_HERE; catalogue order is not an instruction to execute all historical revisions
05,027,historical_program,analysis/05_027_fix_na_trajectory.R,05_027_fix_na_trajectory,analysis/93R_fix_na_trajectory.R,Use START_HERE; catalogue order is not an instruction to execute all historical revisions
05,028,historical_launcher,analysis/05_028_taxonomic_trajectory_divergence_analysis_run.ps1,05_028_taxonomic_trajectory_divergence_analysis_run,analysis/RUN_STEP93R.ps1,Use START_HERE; catalogue order is not an instruction to execute all historical revisions
05,028,historical_program,analysis/05_028_taxonomic_trajectory_divergence_analysis.R,05_028_taxonomic_trajectory_divergence_analysis,analysis/93R_taxonomic_trajectory_divergence_analysis.R,Use START_HERE; catalogue order is not an instruction to execute all historical revisions
05,029,historical_launcher,analysis/05_029_trajectory_distance_method_fix_run.ps1,05_029_trajectory_distance_method_fix_run,analysis/RUN_STEP93S2.ps1,Use START_HERE; catalogue order is not an instruction to execute all historical revisions
05,029,historical_program,analysis/05_029_trajectory_distance_method_fix.R,05_029_trajectory_distance_method_fix,analysis/93S2_trajectory_distance_method_fix.R,Use START_HERE; catalogue order is not an instruction to execute all historical revisions
05,030,historical_launcher,analysis/05_030_signed_trajectory_clustering_run.ps1,05_030_signed_trajectory_clustering_run,analysis/RUN_STEP93S.ps1,Use START_HERE; catalogue order is not an instruction to execute all historical revisions
05,030,historical_program,analysis/05_030_signed_trajectory_clustering.R,05_030_signed_trajectory_clustering,analysis/93S_signed_trajectory_clustering.R,Use START_HERE; catalogue order is not an instruction to execute all historical revisions
05,031,historical_launcher,analysis/05_031_eii_file_selection_fix_run.ps1,05_031_eii_file_selection_fix_run,analysis/RUN_STEP93T2.ps1,Use START_HERE; catalogue order is not an instruction to execute all historical revisions
05,031,historical_program,analysis/05_031_eii_file_selection_fix.R,05_031_eii_file_selection_fix,analysis/93T2_EII_file_selection_fix.R,Use START_HERE; catalogue order is not an instruction to execute all historical revisions
05,032,historical_launcher,analysis/05_032_eii_real_table_identification_run.ps1,05_032_eii_real_table_identification_run,analysis/RUN_STEP93T3.ps1,Use START_HERE; catalogue order is not an instruction to execute all historical revisions
05,032,historical_program,analysis/05_032_eii_real_table_identification.R,05_032_eii_real_table_identification,analysis/93T3_EII_real_table_identification.R,Use START_HERE; catalogue order is not an instruction to execute all historical revisions
05,033,historical_launcher,analysis/05_033_eii_xlsx_patient_search_run.ps1,05_033_eii_xlsx_patient_search_run,analysis/RUN_STEP93T4.ps1,Use START_HERE; catalogue order is not an instruction to execute all historical revisions
05,033,historical_program,analysis/05_033_eii_xlsx_patient_search.R,05_033_eii_xlsx_patient_search,analysis/93T4_EII_xlsx_patient_search.R,Use START_HERE; catalogue order is not an instruction to execute all historical revisions
05,034,historical_launcher,analysis/05_034_eii_all_format_discovery_run.ps1,05_034_eii_all_format_discovery_run,analysis/RUN_STEP93T5.ps1,Use START_HERE; catalogue order is not an instruction to execute all historical revisions
05,034,historical_program,analysis/05_034_eii_all_format_discovery.R,05_034_eii_all_format_discovery,analysis/93T5_EII_all_format_discovery.R,Use START_HERE; catalogue order is not an instruction to execute all historical revisions
05,035,historical_launcher,analysis/05_035_eii_code_history_search_run.ps1,05_035_eii_code_history_search_run,analysis/RUN_STEP93T6.ps1,Use START_HERE; catalogue order is not an instruction to execute all historical revisions
05,035,historical_program,analysis/05_035_eii_code_history_search.R,05_035_eii_code_history_search,analysis/93T6_EII_code_history_search.R,Use START_HERE; catalogue order is not an instruction to execute all historical revisions
05,036,historical_launcher,analysis/05_036_fix_eii_trajectory_integration_run.ps1,05_036_fix_eii_trajectory_integration_run,analysis/RUN_STEP93T6_FIX.ps1,Use START_HERE; catalogue order is not an instruction to execute all historical revisions
05,036,historical_program,analysis/05_036_fix_eii_trajectory_integration.R,05_036_fix_eii_trajectory_integration,analysis/93T6_fix_eii_trajectory_integration.R,Use START_HERE; catalogue order is not an instruction to execute all historical revisions
05,037,historical_launcher,analysis/05_037_patient_id_mapping_audit_run.ps1,05_037_patient_id_mapping_audit_run,analysis/RUN_STEP93T7.ps1,Use START_HERE; catalogue order is not an instruction to execute all historical revisions
05,037,historical_program,analysis/05_037_patient_id_mapping_audit.R,05_037_patient_id_mapping_audit,analysis/93T7_patient_ID_mapping_audit.R,Use START_HERE; catalogue order is not an instruction to execute all historical revisions
05,038,historical_launcher,analysis/05_038_run_patient_mapping_reconstruction_run.ps1,05_038_run_patient_mapping_reconstruction_run,analysis/RUN_STEP93T8.ps1,Use START_HERE; catalogue order is not an instruction to execute all historical revisions
05,038,historical_program,analysis/05_038_run_patient_mapping_reconstruction.R,05_038_run_patient_mapping_reconstruction,analysis/93T8_run_patient_mapping_reconstruction.R,Use START_HERE; catalogue order is not an instruction to execute all historical revisions
05,039,historical_launcher,analysis/05_039_debug_path_check_run.ps1,05_039_debug_path_check_run,analysis/RUN_STEP93T9_DEBUG.ps1,Use START_HERE; catalogue order is not an instruction to execute all historical revisions
05,039,historical_program,analysis/05_039_debug_path_check.R,05_039_debug_path_check,analysis/93T9_debug_path_check.R,Use START_HERE; catalogue order is not an instruction to execute all historical revisions
05,040,historical_launcher,analysis/05_040_fix_always_output_run.ps1,05_040_fix_always_output_run,analysis/RUN_STEP93T9_FIX.ps1,Use START_HERE; catalogue order is not an instruction to execute all historical revisions
05,040,historical_program,analysis/05_040_fix_always_output.R,05_040_fix_always_output,analysis/93T9_fix_always_output.R,Use START_HERE; catalogue order is not an instruction to execute all historical revisions
05,041,historical_launcher,analysis/05_041_run_to_patient_mapping_run.ps1,05_041_run_to_patient_mapping_run,analysis/RUN_STEP93T9.ps1,Use START_HERE; catalogue order is not an instruction to execute all historical revisions
05,041,historical_program,analysis/05_041_run_to_patient_mapping.R,05_041_run_to_patient_mapping,analysis/93T9_run_to_patient_mapping.R,Use START_HERE; catalogue order is not an instruction to execute all historical revisions
05,042,historical_launcher,analysis/05_042_eii_trajectory_final_integration_run.ps1,05_042_eii_trajectory_final_integration_run,analysis/RUN_STEP93T10.ps1,Use START_HERE; catalogue order is not an instruction to execute all historical revisions
05,042,historical_program,analysis/05_042_eii_trajectory_final_integration.R,05_042_eii_trajectory_final_integration,analysis/93T10_EII_trajectory_final_integration.R,Use START_HERE; catalogue order is not an instruction to execute all historical revisions
05,043,historical_launcher,analysis/05_043_forced_run_bridge_run.ps1,05_043_forced_run_bridge_run,analysis/RUN_STEP93T10B.ps1,Use START_HERE; catalogue order is not an instruction to execute all historical revisions
05,043,historical_program,analysis/05_043_forced_run_bridge.R,05_043_forced_run_bridge,analysis/93T10B_forced_run_bridge.R,Use START_HERE; catalogue order is not an instruction to execute all historical revisions
05,044,historical_launcher,analysis/05_044_eii_trajectory_integration_run.ps1,05_044_eii_trajectory_integration_run,analysis/RUN_STEP93T.ps1,Use START_HERE; catalogue order is not an instruction to execute all historical revisions
05,044,historical_program,analysis/05_044_eii_trajectory_integration.R,05_044_eii_trajectory_integration,analysis/93T_EII_trajectory_integration.R,Use START_HERE; catalogue order is not an instruction to execute all historical revisions
05,045,historical_launcher,analysis/05_045_fix_patient_id_type_run.ps1,05_045_fix_patient_id_type_run,analysis/RUN_STEP93T_FIX.ps1,Use START_HERE; catalogue order is not an instruction to execute all historical revisions
05,045,historical_program,analysis/05_045_fix_patient_id_type.R,05_045_fix_patient_id_type,analysis/93T_fix_patient_id_type.R,Use START_HERE; catalogue order is not an instruction to execute all historical revisions
05,046,historical_launcher,analysis/05_046_trajectory_ecology_robustness_run.ps1,05_046_trajectory_ecology_robustness_run,analysis/RUN_STEP93U.ps1,Use START_HERE; catalogue order is not an instruction to execute all historical revisions
05,046,historical_program,analysis/05_046_trajectory_ecology_robustness.R,05_046_trajectory_ecology_robustness,analysis/93U_trajectory_ecology_robustness.R,Use START_HERE; catalogue order is not an instruction to execute all historical revisions
05,047,historical_launcher,analysis/05_047_cross_cohort_trajectory_polarity_robust_run.ps1,05_047_cross_cohort_trajectory_polarity_robust_run,analysis/RUN_STEP93V2.ps1,Use START_HERE; catalogue order is not an instruction to execute all historical revisions
05,047,historical_program,analysis/05_047_cross_cohort_trajectory_polarity_robust.R,05_047_cross_cohort_trajectory_polarity_robust,analysis/93V2_cross_cohort_trajectory_polarity_robust.R,Use START_HERE; catalogue order is not an instruction to execute all historical revisions
05,048,historical_launcher,analysis/05_048_step88b_estimand_reconciliation_run.ps1,05_048_step88b_estimand_reconciliation_run,analysis/RUN_STEP93V3.ps1,Use START_HERE; catalogue order is not an instruction to execute all historical revisions
05,048,historical_program,analysis/05_048_step88b_estimand_reconciliation.R,05_048_step88b_estimand_reconciliation,analysis/93V3_step88B_estimand_reconciliation.R,Use START_HERE; catalogue order is not an instruction to execute all historical revisions
05,049,historical_launcher,analysis/05_049_cross_cohort_trajectory_polarity_run.ps1,05_049_cross_cohort_trajectory_polarity_run,analysis/RUN_STEP93V.ps1,Use START_HERE; catalogue order is not an instruction to execute all historical revisions
05,049,historical_program,analysis/05_049_cross_cohort_trajectory_polarity.R,05_049_cross_cohort_trajectory_polarity,analysis/93V_cross_cohort_trajectory_polarity.R,Use START_HERE; catalogue order is not an instruction to execute all historical revisions
05,050,historical_launcher,analysis/05_050_longitudinal_evidence_freeze_run.ps1,05_050_longitudinal_evidence_freeze_run,analysis/RUN_STEP93W.ps1,Use START_HERE; catalogue order is not an instruction to execute all historical revisions
05,050,historical_program,analysis/05_050_longitudinal_evidence_freeze.R,05_050_longitudinal_evidence_freeze,analysis/93W_longitudinal_evidence_freeze.R,Use START_HERE; catalogue order is not an instruction to execute all historical revisions
06,001,historical_launcher,analysis/06_001_infection_source_excel_semantic_audit_run.ps1,06_001_infection_source_excel_semantic_audit_run,analysis/RUN_STEP94A2.ps1,Use START_HERE; catalogue order is not an instruction to execute all historical revisions
06,001,historical_program,analysis/06_001_infection_source_excel_semantic_audit.R,06_001_infection_source_excel_semantic_audit,analysis/94A2_infection_source_excel_semantic_audit.R,Use START_HERE; catalogue order is not an instruction to execute all historical revisions
06,002,historical_launcher,analysis/06_002_master_infection_source_project_resolution_run.ps1,06_002_master_infection_source_project_resolution_run,analysis/RUN_STEP94A3.ps1,Use START_HERE; catalogue order is not an instruction to execute all historical revisions
06,002,historical_program,analysis/06_002_master_infection_source_project_resolution.R,06_002_master_infection_source_project_resolution,analysis/94A3_master_infection_source_project_resolution.R,Use START_HERE; catalogue order is not an instruction to execute all historical revisions
06,003,historical_launcher,analysis/06_003_cra002354_rescue_and_readiness_audit_run.ps1,06_003_cra002354_rescue_and_readiness_audit_run,analysis/RUN_STEP94A4.ps1,Use START_HERE; catalogue order is not an instruction to execute all historical revisions
06,003,historical_program,analysis/06_003_cra002354_rescue_and_readiness_audit.R,06_003_cra002354_rescue_and_readiness_audit,analysis/94A4_CRA002354_rescue_and_readiness_audit.R,Use START_HERE; catalogue order is not an instruction to execute all historical revisions
06,004,historical_launcher,analysis/06_004_infection_source_feasibility_audit_run.ps1,06_004_infection_source_feasibility_audit_run,analysis/RUN_STEP94A.ps1,Use START_HERE; catalogue order is not an instruction to execute all historical revisions
06,004,historical_program,analysis/06_004_infection_source_feasibility_audit.R,06_004_infection_source_feasibility_audit,analysis/94A_infection_source_feasibility_audit.R,Use START_HERE; catalogue order is not an instruction to execute all historical revisions
06,005,historical_launcher,analysis/06_005_cra002354_fasta_otu97_silva1382_run.ps1,06_005_cra002354_fasta_otu97_silva1382_run,analysis/RUN_STEP94B1.ps1,Use START_HERE; catalogue order is not an instruction to execute all historical revisions
06,005,historical_program,analysis/06_005_cra002354_fasta_otu97_silva1382.R,06_005_cra002354_fasta_otu97_silva1382,analysis/94B1_CRA002354_fasta_otu97_silva1382.R,Use START_HERE; catalogue order is not an instruction to execute all historical revisions
06,006,historical_launcher,analysis/06_006_cra002354_ambiguity_resolution_otu97_run.ps1,06_006_cra002354_ambiguity_resolution_otu97_run,analysis/RUN_STEP94B1A.ps1,Use START_HERE; catalogue order is not an instruction to execute all historical revisions
06,006,historical_program,analysis/06_006_cra002354_ambiguity_resolution_otu97.R,06_006_cra002354_ambiguity_resolution_otu97,analysis/94B1A_CRA002354_ambiguity_resolution_otu97.R,Use START_HERE; catalogue order is not an instruction to execute all historical revisions
06,007,historical_launcher,analysis/06_007_cra002354_fasta_write_fix_and_otu97_resume_run.ps1,06_007_cra002354_fasta_write_fix_and_otu97_resume_run,analysis/RUN_STEP94B1B.ps1,Use START_HERE; catalogue order is not an instruction to execute all historical revisions
06,007,historical_program,analysis/06_007_cra002354_fasta_write_fix_and_otu97_resume.R,06_007_cra002354_fasta_write_fix_and_otu97_resume,analysis/94B1B_CRA002354_fasta_write_fix_and_otu97_resume.R,Use START_HERE; catalogue order is not an instruction to execute all historical revisions
06,008,historical_launcher,analysis/06_008_cra002354_nonchimeric_otu_table_and_rarefaction_fix_run.ps1,06_008_cra002354_nonchimeric_otu_table_and_rarefaction_fix_run,analysis/RUN_STEP94B1D.ps1,Use START_HERE; catalogue order is not an instruction to execute all historical revisions
06,008,historical_program,analysis/06_008_cra002354_nonchimeric_otu_table_and_rarefaction_fix.R,06_008_cra002354_nonchimeric_otu_table_and_rarefaction_fix,analysis/94B1D_CRA002354_nonchimeric_otu_table_and_rarefaction_fix.R,Use START_HERE; catalogue order is not an instruction to execute all historical revisions
06,009,historical_launcher,analysis/06_009_cra002354_taxonomy_id_repair_run.ps1,06_009_cra002354_taxonomy_id_repair_run,analysis/RUN_STEP94B1E.ps1,Use START_HERE; catalogue order is not an instruction to execute all historical revisions
06,009,historical_program,analysis/06_009_cra002354_taxonomy_id_repair.R,06_009_cra002354_taxonomy_id_repair,analysis/94B1E_CRA002354_taxonomy_id_repair.R,Use START_HERE; catalogue order is not an instruction to execute all historical revisions
06,010,historical_launcher,analysis/06_010_cra002354_formal_source_longitudinal_analysis_run.ps1,06_010_cra002354_formal_source_longitudinal_analysis_run,analysis/RUN_STEP94B2.ps1,Use START_HERE; catalogue order is not an instruction to execute all historical revisions
06,010,historical_program,analysis/06_010_cra002354_formal_source_longitudinal_analysis.R,06_010_cra002354_formal_source_longitudinal_analysis,analysis/94B2_CRA002354_formal_source_longitudinal_analysis.R,Use START_HERE; catalogue order is not an instruction to execute all historical revisions
06,011,historical_launcher,analysis/06_011_94b2a2_cra002354_source_model_specification_freeze_run.ps1,06_011_94b2a2_cra002354_source_model_specification_freeze_run,analysis/RUN_STEP94B2A2.ps1,Use START_HERE; catalogue order is not an instruction to execute all historical revisions
06,011,historical_program,analysis/06_011_94b2a2_cra002354_source_model_specification_freeze.R,06_011_94b2a2_cra002354_source_model_specification_freeze,analysis/94B2A2_CRA002354_source_model_specification_freeze.R,Use START_HERE; catalogue order is not an instruction to execute all historical revisions
06,012,historical_launcher,analysis/06_012_94b2a3_source_model_spec_qc_fix_run.ps1,06_012_94b2a3_source_model_spec_qc_fix_run,analysis/RUN_STEP94B2A3.ps1,Use START_HERE; catalogue order is not an instruction to execute all historical revisions
06,012,historical_program,analysis/06_012_94b2a3_source_model_spec_qc_fix.R,06_012_94b2a3_source_model_spec_qc_fix,analysis/94B2A3_source_model_spec_qc_fix.R,Use START_HERE; catalogue order is not an instruction to execute all historical revisions
06,013,historical_launcher,analysis/06_013_cra002354_source_model_design_prep_run.ps1,06_013_cra002354_source_model_design_prep_run,analysis/RUN_STEP94B2A.ps1,Use START_HERE; catalogue order is not an instruction to execute all historical revisions
06,013,historical_program,analysis/06_013_cra002354_source_model_design_prep.R,06_013_cra002354_source_model_design_prep,analysis/94B2A_CRA002354_source_model_design_prep.R,Use START_HERE; catalogue order is not an instruction to execute all historical revisions
06,014,historical_launcher,analysis/06_014_cra002354_corrected_formal_source_longitudinal_analysis_run.ps1,06_014_cra002354_corrected_formal_source_longitudinal_analysis_run,analysis/RUN_STEP94B2B.ps1,Use START_HERE; catalogue order is not an instruction to execute all historical revisions
06,014,historical_program,analysis/06_014_cra002354_corrected_formal_source_longitudinal_analysis.R,06_014_cra002354_corrected_formal_source_longitudinal_analysis,analysis/94B2B_CRA002354_corrected_formal_source_longitudinal_analysis.R,Use START_HERE; catalogue order is not an instruction to execute all historical revisions
06,015,historical_launcher,analysis/06_015_cra002354_final_source_longitudinal_analysis_and_freeze_run.ps1,06_015_cra002354_final_source_longitudinal_analysis_and_freeze_run,analysis/RUN_STEP94B2C.ps1,Use START_HERE; catalogue order is not an instruction to execute all historical revisions
06,015,historical_program,analysis/06_015_cra002354_final_source_longitudinal_analysis_and_freeze.R,06_015_cra002354_final_source_longitudinal_analysis_and_freeze,analysis/94B2C_CRA002354_final_source_longitudinal_analysis_and_freeze.R,Use START_HERE; catalogue order is not an instruction to execute all historical revisions
06,016,historical_launcher,analysis/06_016_infection_source_evidence_freeze_run.ps1,06_016_infection_source_evidence_freeze_run,analysis/RUN_STEP94B2D.ps1,Use START_HERE; catalogue order is not an instruction to execute all historical revisions
06,016,historical_program,analysis/06_016_infection_source_evidence_freeze.R,06_016_infection_source_evidence_freeze,analysis/94B2D_infection_source_evidence_freeze.R,Use START_HERE; catalogue order is not an instruction to execute all historical revisions
06,017,historical_launcher,analysis/06_017_cra002354_exploratory_genus_source_analysis_run.ps1,06_017_cra002354_exploratory_genus_source_analysis_run,analysis/RUN_STEP94B3A.ps1,Use START_HERE; catalogue order is not an instruction to execute all historical revisions
06,017,historical_program,analysis/06_017_cra002354_exploratory_genus_source_analysis.R,06_017_cra002354_exploratory_genus_source_analysis,analysis/94B3A_CRA002354_exploratory_genus_source_analysis.R,Use START_HERE; catalogue order is not an instruction to execute all historical revisions
06,018,historical_launcher,analysis/06_018_cra002354_genus_coverage_robustness_run.ps1,06_018_cra002354_genus_coverage_robustness_run,analysis/RUN_STEP94B3B.ps1,Use START_HERE; catalogue order is not an instruction to execute all historical revisions
06,018,historical_program,analysis/06_018_cra002354_genus_coverage_robustness.R,06_018_cra002354_genus_coverage_robustness,analysis/94B3B_CRA002354_genus_coverage_robustness.R,Use START_HERE; catalogue order is not an instruction to execute all historical revisions
06,019,historical_launcher,analysis/06_019_cra002354_genus_evidence_freeze_run.ps1,06_019_cra002354_genus_evidence_freeze_run,analysis/RUN_STEP94B3C.ps1,Use START_HERE; catalogue order is not an instruction to execute all historical revisions
06,019,historical_program,analysis/06_019_cra002354_genus_evidence_freeze.R,06_019_cra002354_genus_evidence_freeze,analysis/94B3C_CRA002354_genus_evidence_freeze.R,Use START_HERE; catalogue order is not an instruction to execute all historical revisions
06,020,historical_utility,analysis/06_020_check_and_rerun_exploratory_genus_source_utility.ps1,06_020_check_and_rerun_exploratory_genus_source_utility,analysis/CHECK_AND_RERUN_STEP94B3A.ps1,Use START_HERE; catalogue order is not an instruction to execute all historical revisions
06,021,historical_utility,analysis/06_021_check_fasta_otu_resume_status_utility.ps1,06_021_check_fasta_otu_resume_status_utility,analysis/CHECK_STEP94B1B_STATUS.ps1,Use START_HERE; catalogue order is not an instruction to execute all historical revisions
07,001,historical_launcher,analysis/07_001_prjna1010969_complete_group_validation_run.ps1,07_001_prjna1010969_complete_group_validation_run,analysis/RUN_STEP93X2.ps1,Use START_HERE; catalogue order is not an instruction to execute all historical revisions
07,001,historical_program,analysis/07_001_prjna1010969_complete_group_validation.R,07_001_prjna1010969_complete_group_validation,analysis/93X2_PRJNA1010969_complete_group_validation.R,Use START_HERE; catalogue order is not an instruction to execute all historical revisions
07,002,historical_launcher,analysis/07_002_external_specificity_robustness_run.ps1,07_002_external_specificity_robustness_run,analysis/RUN_STEP93X3.ps1,Use START_HERE; catalogue order is not an instruction to execute all historical revisions
07,002,historical_program,analysis/07_002_external_specificity_robustness.R,07_002_external_specificity_robustness,analysis/93X3_external_specificity_robustness.R,Use START_HERE; catalogue order is not an instruction to execute all historical revisions
07,003,historical_launcher,analysis/07_003_external_validation_evidence_freeze_run.ps1,07_003_external_validation_evidence_freeze_run,analysis/RUN_STEP93X4.ps1,Use START_HERE; catalogue order is not an instruction to execute all historical revisions
07,003,historical_program,analysis/07_003_external_validation_evidence_freeze.R,07_003_external_validation_evidence_freeze,analysis/93X4_external_validation_evidence_freeze.R,Use START_HERE; catalogue order is not an instruction to execute all historical revisions
07,004,historical_launcher,analysis/07_004_prjna1010969_external_state_validation_run.ps1,07_004_prjna1010969_external_state_validation_run,analysis/RUN_STEP93X.ps1,Use START_HERE; catalogue order is not an instruction to execute all historical revisions
07,004,historical_program,analysis/07_004_prjna1010969_external_state_validation.R,07_004_prjna1010969_external_state_validation,analysis/93X_PRJNA1010969_external_state_validation.R,Use START_HERE; catalogue order is not an instruction to execute all historical revisions
07,005,historical_program,analysis/07_005_aitchison_longitudinal_robustness.R,07_005_aitchison_longitudinal_robustness,analysis/98A_aitchison_longitudinal_robustness.R,Use START_HERE; catalogue order is not an instruction to execute all historical revisions
07,006,historical_program,analysis/07_006_longitudinal_random_effects_meta_analysis.R,07_006_longitudinal_random_effects_meta_analysis,analysis/98B_longitudinal_random_effects_meta_analysis.R,Use START_HERE; catalogue order is not an instruction to execute all historical revisions
07,007,historical_program,analysis/07_007_prjna1125274_metadata_and_run_freeze.R,07_007_prjna1125274_metadata_and_run_freeze,analysis/98C_PRJNA1125274_metadata_and_run_freeze.R,Use START_HERE; catalogue order is not an instruction to execute all historical revisions
07,008,historical_program,analysis/07_008_prjna1125274_sequence_processing_single_end.R,07_008_prjna1125274_sequence_processing_single_end,analysis/98D2_PRJNA1125274_sequence_processing_SINGLE_END.R,Use START_HERE; catalogue order is not an instruction to execute all historical revisions
07,009,historical_program,analysis/07_009_backfill_taxonomy.R,07_009_backfill_taxonomy,analysis/98D3_backfill_taxonomy.R,Use START_HERE; catalogue order is not an instruction to execute all historical revisions
07,010,historical_program,analysis/07_010_prjna1125274_sequence_processing.R,07_010_prjna1125274_sequence_processing,analysis/98D_PRJNA1125274_sequence_processing.R,Use START_HERE; catalogue order is not an instruction to execute all historical revisions
07,011,historical_program,analysis/07_011_prjna1125274_external_validation.R,07_011_prjna1125274_external_validation,analysis/98E_PRJNA1125274_external_validation.R,Use START_HERE; catalogue order is not an instruction to execute all historical revisions
07,012,historical_program,analysis/07_012_upgrade_evidence_freeze.R,07_012_upgrade_evidence_freeze,analysis/98F_V2_upgrade_evidence_freeze.R,Use START_HERE; catalogue order is not an instruction to execute all historical revisions
07,013,historical_program,analysis/07_013_prjna1125274_verify_primary_statistics.R,07_013_prjna1125274_verify_primary_statistics,analysis/98G2_PRJNA1125274_verify_primary_statistics.R,Use START_HERE; catalogue order is not an instruction to execute all historical revisions
07,014,historical_program,analysis/07_014_prjna1125274_orphan_exclusion_sensitivity.R,07_014_prjna1125274_orphan_exclusion_sensitivity,analysis/98G3_PRJNA1125274_orphan_exclusion_sensitivity.R,Use START_HERE; catalogue order is not an instruction to execute all historical revisions
07,015,historical_program,analysis/07_015_prjna1125274_write_reconciliation_report.py,07_015_prjna1125274_write_reconciliation_report,analysis/98G4_PRJNA1125274_write_reconciliation_report.py,Use START_HERE; catalogue order is not an instruction to execute all historical revisions
07,016,historical_program,analysis/07_016_prjna1125274_patient_reconciliation.py,07_016_prjna1125274_patient_reconciliation,analysis/98G_PRJNA1125274_patient_reconciliation.py,Use START_HERE; catalogue order is not an instruction to execute all historical revisions
07,017,historical_program,analysis/07_017_prjna1125274_final_governance_freeze.R,07_017_prjna1125274_final_governance_freeze,analysis/98H_PRJNA1125274_final_governance_freeze.R,Use START_HERE; catalogue order is not an instruction to execute all historical revisions
07,018,historical_program,analysis/07_018_czm_5_2_diagnostics.R,07_018_czm_5_2_diagnostics,analysis/98I2_CZM_5_2_diagnostics.R,Use START_HERE; catalogue order is not an instruction to execute all historical revisions
07,019,historical_program,analysis/07_019_finalize_remaining_validation.R,07_019_finalize_remaining_validation,analysis/98I3_finalize_remaining_validation.R,Use START_HERE; catalogue order is not an instruction to execute all historical revisions
07,020,historical_program,analysis/07_020_remaining_validation_no_fastq.R,07_020_remaining_validation_no_fastq,analysis/98I_remaining_validation_no_fastq.R,Use START_HERE; catalogue order is not an instruction to execute all historical revisions
08,001,direction_program,analysis/direction_analysis/08_001_download_and_inspect_supplement.py,08_001_download_and_inspect_supplement,analysis/99_DIRECTION_UPGRADE/99A1_download_and_inspect_supplement.py,Use START_HERE; catalogue order is not an instruction to execute all historical revisions
08,002,direction_program,analysis/direction_analysis/08_002_direction_feasibility_audit.R,08_002_direction_feasibility_audit,analysis/99_DIRECTION_UPGRADE/99A2_direction_feasibility_audit.R,Use START_HERE; catalogue order is not an instruction to execute all historical revisions
08,003,direction_program,analysis/direction_analysis/08_003_finalize_feasibility.py,08_003_finalize_feasibility,analysis/99_DIRECTION_UPGRADE/99A3_finalize_feasibility.py,Use START_HERE; catalogue order is not an instruction to execute all historical revisions
08,004,direction_program,analysis/direction_analysis/08_004_compare_reproduction.py,08_004_compare_reproduction,analysis/99_DIRECTION_UPGRADE/99A4_compare_reproduction.py,Use START_HERE; catalogue order is not an instruction to execute all historical revisions
08,005,direction_program,analysis/direction_analysis/08_005_initialize.py,08_005_initialize,analysis/99_DIRECTION_UPGRADE/99B0_initialize.py,Use START_HERE; catalogue order is not an instruction to execute all historical revisions
08,006,direction_program,analysis/direction_analysis/08_006_direction_analysis.R,08_006_direction_analysis,analysis/99_DIRECTION_UPGRADE/99B1_direction_analysis.R,Use START_HERE; catalogue order is not an instruction to execute all historical revisions
08,007,direction_program,analysis/direction_analysis/08_007_finalize.py,08_007_finalize,analysis/99_DIRECTION_UPGRADE/99B2_finalize.py,Use START_HERE; catalogue order is not an instruction to execute all historical revisions
08,008,direction_program,analysis/direction_analysis/08_008_compare_reproduction.py,08_008_compare_reproduction,analysis/99_DIRECTION_UPGRADE/99B3_compare_reproduction.py,Use START_HERE; catalogue order is not an instruction to execute all historical revisions
08,009,direction_program,analysis/direction_analysis/08_009_audit_submission_placeholders.py,08_009_audit_submission_placeholders,analysis/99_DIRECTION_UPGRADE/99B4_audit_submission_placeholders.py,Use START_HERE; catalogue order is not an instruction to execute all historical revisions
08,010,direction_program,analysis/direction_analysis/08_010_citation_audit.py,08_010_citation_audit,analysis/99_DIRECTION_UPGRADE/99B5_citation_audit.py,Use START_HERE; catalogue order is not an instruction to execute all historical revisions
08,101,direction_launcher,analysis/direction_analysis/08_101_run_feasibility_workflow.ps1,08_101_run_feasibility_workflow,analysis/99_DIRECTION_UPGRADE/RUN_A_FEASIBILITY.ps1,Use START_HERE; catalogue order is not an instruction to execute all historical revisions
08,102,direction_launcher,analysis/direction_analysis/08_102_run_direction_workflow.ps1,08_102_run_direction_workflow,analysis/99_DIRECTION_UPGRADE/RUN_B_DIRECTION.ps1,Use START_HERE; catalogue order is not an instruction to execute all historical revisions
09,001,historical_launcher,analysis/09_001_global_evidence_synthesis_source_anchor_fix_run.ps1,09_001_global_evidence_synthesis_source_anchor_fix_run,analysis/RUN_STEP95A2.ps1,Use START_HERE; catalogue order is not an instruction to execute all historical revisions
09,001,historical_program,analysis/09_001_global_evidence_synthesis_source_anchor_fix.R,09_001_global_evidence_synthesis_source_anchor_fix,analysis/95A2_global_evidence_synthesis_source_anchor_fix.R,Use START_HERE; catalogue order is not an instruction to execute all historical revisions
09,002,historical_launcher,analysis/09_002_global_evidence_synthesis_and_manuscript_map_run.ps1,09_002_global_evidence_synthesis_and_manuscript_map_run,analysis/RUN_STEP95A.ps1,Use START_HERE; catalogue order is not an instruction to execute all historical revisions
09,002,historical_program,analysis/09_002_global_evidence_synthesis_and_manuscript_map.R,09_002_global_evidence_synthesis_and_manuscript_map,analysis/95A_global_evidence_synthesis_and_manuscript_map.R,Use START_HERE; catalogue order is not an instruction to execute all historical revisions
09,003,historical_launcher,analysis/09_003_manuscript_source_pack_assembly_run.ps1,09_003_manuscript_source_pack_assembly_run,analysis/RUN_STEP95B.ps1,Use START_HERE; catalogue order is not an instruction to execute all historical revisions
09,003,historical_program,analysis/09_003_manuscript_source_pack_assembly.R,09_003_manuscript_source_pack_assembly,analysis/95B_manuscript_source_pack_assembly.R,Use START_HERE; catalogue order is not an instruction to execute all historical revisions
09,004,historical_launcher,analysis/09_004_manuscript_architecture_figure1_and_main_tables_run.ps1,09_004_manuscript_architecture_figure1_and_main_tables_run,analysis/RUN_STEP95C.ps1,Use START_HERE; catalogue order is not an instruction to execute all historical revisions
09,004,historical_program,analysis/09_004_manuscript_architecture_figure1_and_main_tables.R,09_004_manuscript_architecture_figure1_and_main_tables,analysis/95C_manuscript_architecture_figure1_and_main_tables.R,Use START_HERE; catalogue order is not an instruction to execute all historical revisions
09,005,historical_launcher,analysis/09_005_publication_figures_sourcepack_only_run.ps1,09_005_publication_figures_sourcepack_only_run,analysis/RUN_STEP95D2.ps1,Use START_HERE; catalogue order is not an instruction to execute all historical revisions
09,005,historical_program,analysis/09_005_publication_figures_sourcepack_only.R,09_005_publication_figures_sourcepack_only,analysis/95D2_publication_figures_sourcepack_only.R,Use START_HERE; catalogue order is not an instruction to execute all historical revisions
09,006,historical_launcher,analysis/09_006_final_figure_formatting_fix_run.ps1,09_006_final_figure_formatting_fix_run,analysis/RUN_STEP95D3.ps1,Use START_HERE; catalogue order is not an instruction to execute all historical revisions
09,006,historical_program,analysis/09_006_final_figure_formatting_fix.R,09_006_final_figure_formatting_fix,analysis/95D3_final_figure_formatting_fix.R,Use START_HERE; catalogue order is not an instruction to execute all historical revisions
09,007,historical_launcher,analysis/09_007_publication_ready_figures_and_table_placement_run.ps1,09_007_publication_ready_figures_and_table_placement_run,analysis/RUN_STEP95D.ps1,Use START_HERE; catalogue order is not an instruction to execute all historical revisions
09,007,historical_program,analysis/09_007_publication_ready_figures_and_table_placement.R,09_007_publication_ready_figures_and_table_placement,analysis/95D_publication_ready_figures_and_table_placement.R,Use START_HERE; catalogue order is not an instruction to execute all historical revisions
09,008,historical_launcher,analysis/09_008_table1_analysis_population_fix_and_results_run.ps1,09_008_table1_analysis_population_fix_and_results_run,analysis/RUN_STEP95E2.ps1,Use START_HERE; catalogue order is not an instruction to execute all historical revisions
09,008,historical_program,analysis/09_008_table1_analysis_population_fix_and_results.R,09_008_table1_analysis_population_fix_and_results,analysis/95E2_table1_analysis_population_fix_and_results_v2.R,Use START_HERE; catalogue order is not an instruction to execute all historical revisions
09,009,historical_launcher,analysis/09_009_table1_and_results_draft_run.ps1,09_009_table1_and_results_draft_run,analysis/RUN_STEP95E.ps1,Use START_HERE; catalogue order is not an instruction to execute all historical revisions
09,009,historical_program,analysis/09_009_table1_and_results_draft.R,09_009_table1_and_results_draft,analysis/95E_table1_and_results_draft.R,Use START_HERE; catalogue order is not an instruction to execute all historical revisions
09,010,historical_launcher,analysis/09_010_results_and_table1_final_freeze_run.ps1,09_010_results_and_table1_final_freeze_run,analysis/RUN_STEP95F2.ps1,Use START_HERE; catalogue order is not an instruction to execute all historical revisions
09,010,historical_program,analysis/09_010_results_and_table1_final_freeze.R,09_010_results_and_table1_final_freeze,analysis/95F2_results_and_table1_final_freeze.R,Use START_HERE; catalogue order is not an instruction to execute all historical revisions
09,011,historical_launcher,analysis/09_011_results_and_table1_final_freeze_sentence_audit_run.ps1,09_011_results_and_table1_final_freeze_sentence_audit_run,analysis/RUN_STEP95F3.ps1,Use START_HERE; catalogue order is not an instruction to execute all historical revisions
09,011,historical_program,analysis/09_011_results_and_table1_final_freeze_sentence_audit.R,09_011_results_and_table1_final_freeze_sentence_audit,analysis/95F3_results_and_table1_final_freeze_sentence_audit.R,Use START_HERE; catalogue order is not an instruction to execute all historical revisions
09,012,historical_launcher,analysis/09_012_results_polish_and_table1_manuscript_freeze_run.ps1,09_012_results_polish_and_table1_manuscript_freeze_run,analysis/RUN_STEP95F.ps1,Use START_HERE; catalogue order is not an instruction to execute all historical revisions
09,012,historical_program,analysis/09_012_results_polish_and_table1_manuscript_freeze.R,09_012_results_polish_and_table1_manuscript_freeze,analysis/95F_results_polish_and_table1_manuscript_freeze.R,Use START_HERE; catalogue order is not an instruction to execute all historical revisions
09,013,historical_launcher,analysis/09_013_supplementary_tables_and_discussion_v1_run.ps1,09_013_supplementary_tables_and_discussion_v1_run,analysis/RUN_STEP95G.ps1,Use START_HERE; catalogue order is not an instruction to execute all historical revisions
09,013,historical_program,analysis/09_013_supplementary_tables_and_discussion_v1.R,09_013_supplementary_tables_and_discussion_v1,analysis/95G_supplementary_tables_and_discussion_v1.R,Use START_HERE; catalogue order is not an instruction to execute all historical revisions
09,014,historical_launcher,analysis/09_014_results_integration_run.ps1,09_014_results_integration_run,analysis/RUN_STEP_V2_96B.ps1,Use START_HERE; catalogue order is not an instruction to execute all historical revisions
09,014,historical_program,analysis/09_014_results_integration.R,09_014_results_integration,analysis/V2_96B_results_integration.R,Use START_HERE; catalogue order is not an instruction to execute all historical revisions
09,015,historical_launcher,analysis/09_015_discussion_integration_run.ps1,09_015_discussion_integration_run,analysis/RUN_STEP_V2_96C.ps1,Use START_HERE; catalogue order is not an instruction to execute all historical revisions
09,015,historical_program,analysis/09_015_discussion_integration.R,09_015_discussion_integration,analysis/V2_96C_discussion_integration.R,Use START_HERE; catalogue order is not an instruction to execute all historical revisions
09,016,historical_launcher,analysis/09_016_methods_source_verification_audit_run.ps1,09_016_methods_source_verification_audit_run,analysis/RUN_STEP_V2_96D2.ps1,Use START_HERE; catalogue order is not an instruction to execute all historical revisions
09,016,historical_program,analysis/09_016_methods_source_verification_audit.R,09_016_methods_source_verification_audit,analysis/V2_96D2_methods_source_verification_audit.R,Use START_HERE; catalogue order is not an instruction to execute all historical revisions
09,017,historical_launcher,analysis/09_017_methods_manuscriptization_verified_run.ps1,09_017_methods_manuscriptization_verified_run,analysis/RUN_STEP_V2_96D3.ps1,Use START_HERE; catalogue order is not an instruction to execute all historical revisions
09,017,historical_program,analysis/09_017_methods_manuscriptization_verified.R,09_017_methods_manuscriptization_verified,analysis/V2_96D3_methods_manuscriptization_verified.R,Use START_HERE; catalogue order is not an instruction to execute all historical revisions
09,018,historical_launcher,analysis/09_018_methods_final_manuscript_polish_run.ps1,09_018_methods_final_manuscript_polish_run,analysis/RUN_STEP_V2_96D4.ps1,Use START_HERE; catalogue order is not an instruction to execute all historical revisions
09,018,historical_program,analysis/09_018_methods_final_manuscript_polish.R,09_018_methods_final_manuscript_polish,analysis/V2_96D4_methods_final_manuscript_polish.R,Use START_HERE; catalogue order is not an instruction to execute all historical revisions
09,019,historical_launcher,analysis/09_019_methods_manuscriptization_run.ps1,09_019_methods_manuscriptization_run,analysis/RUN_STEP_V2_96D.ps1,Use START_HERE; catalogue order is not an instruction to execute all historical revisions
09,019,historical_program,analysis/09_019_methods_manuscriptization.R,09_019_methods_manuscriptization,analysis/V2_96D_methods_manuscriptization.R,Use START_HERE; catalogue order is not an instruction to execute all historical revisions
09,020,historical_launcher,analysis/09_020_figure3d_cross_cohort_reproducibility_final_run.ps1,09_020_figure3d_cross_cohort_reproducibility_final_run,analysis/RUN_STEP_V2_96E.ps1,Use START_HERE; catalogue order is not an instruction to execute all historical revisions
09,020,historical_program,analysis/09_020_figure3d_cross_cohort_reproducibility_final.R,09_020_figure3d_cross_cohort_reproducibility_final,analysis/V2_96E_figure3D_cross_cohort_reproducibility_final.R,Use START_HERE; catalogue order is not an instruction to execute all historical revisions
09,021,historical_launcher,analysis/09_021_manuscript_core_assembly_and_gap_audit_run.ps1,09_021_manuscript_core_assembly_and_gap_audit_run,analysis/RUN_STEP_V2_96F.ps1,Use START_HERE; catalogue order is not an instruction to execute all historical revisions
09,021,historical_program,analysis/09_021_manuscript_core_assembly_and_gap_audit.R,09_021_manuscript_core_assembly_and_gap_audit,analysis/V2_96F_manuscript_core_assembly_and_gap_audit.R,Use START_HERE; catalogue order is not an instruction to execute all historical revisions
09,022,historical_launcher,analysis/09_022_discussion_reference_resolution_run.ps1,09_022_discussion_reference_resolution_run,analysis/RUN_STEP_V2_96G.ps1,Use START_HERE; catalogue order is not an instruction to execute all historical revisions
09,022,historical_program,analysis/09_022_discussion_reference_resolution.R,09_022_discussion_reference_resolution,analysis/V2_96G_discussion_reference_resolution.R,Use START_HERE; catalogue order is not an instruction to execute all historical revisions
09,023,historical_launcher,analysis/09_023_introduction_integration_run.ps1,09_023_introduction_integration_run,analysis/RUN_STEP_V2_96H.ps1,Use START_HERE; catalogue order is not an instruction to execute all historical revisions
09,023,historical_program,analysis/09_023_introduction_integration.R,09_023_introduction_integration,analysis/V2_96H_introduction_integration.R,Use START_HERE; catalogue order is not an instruction to execute all historical revisions
09,024,historical_launcher,analysis/09_024_reference_format_polish_run.ps1,09_024_reference_format_polish_run,analysis/RUN_STEP_V2_96I2.ps1,Use START_HERE; catalogue order is not an instruction to execute all historical revisions
09,024,historical_program,analysis/09_024_reference_format_polish.R,09_024_reference_format_polish,analysis/V2_96I2_reference_format_polish.R,Use START_HERE; catalogue order is not an instruction to execute all historical revisions
09,025,historical_launcher,analysis/09_025_final_reference_numbering_run.ps1,09_025_final_reference_numbering_run,analysis/RUN_STEP_V2_96I.ps1,Use START_HERE; catalogue order is not an instruction to execute all historical revisions
09,025,historical_program,analysis/09_025_final_reference_numbering.R,09_025_final_reference_numbering,analysis/V2_96I_final_reference_numbering.R,Use START_HERE; catalogue order is not an instruction to execute all historical revisions
09,026,historical_launcher,analysis/09_026_final_manuscript_text_and_audit_corrected_run.ps1,09_026_final_manuscript_text_and_audit_corrected_run,analysis/RUN_STEP_V2_96K2.ps1,Use START_HERE; catalogue order is not an instruction to execute all historical revisions
09,026,historical_program,analysis/09_026_final_manuscript_text_and_audit_corrected.R,09_026_final_manuscript_text_and_audit_corrected,analysis/V2_96K2_final_manuscript_text_and_audit_FIXED.R,Use START_HERE; catalogue order is not an instruction to execute all historical revisions
09,027,historical_launcher,analysis/09_027_final_manuscript_text_and_audit_corrected2_run.ps1,09_027_final_manuscript_text_and_audit_corrected2_run,analysis/RUN_STEP_V2_96K3.ps1,Use START_HERE; catalogue order is not an instruction to execute all historical revisions
09,027,historical_program,analysis/09_027_final_manuscript_text_and_audit_corrected2.R,09_027_final_manuscript_text_and_audit_corrected2,analysis/V2_96K3_final_manuscript_text_and_audit_FIXED2.R,Use START_HERE; catalogue order is not an instruction to execute all historical revisions
09,028,historical_launcher,analysis/09_028_final_manuscript_text_and_audit_run.ps1,09_028_final_manuscript_text_and_audit_run,analysis/RUN_STEP_V2_96K.ps1,Use START_HERE; catalogue order is not an instruction to execute all historical revisions
09,028,historical_program,analysis/09_028_final_manuscript_text_and_audit.R,09_028_final_manuscript_text_and_audit,analysis/V2_96K_final_manuscript_text_and_audit.R,Use START_HERE; catalogue order is not an instruction to execute all historical revisions
09,029,historical_program,analysis/09_029_export_submission_bundle.ps1,09_029_export_submission_bundle,analysis/V2_97A_export_submission_bundle.ps1,Use START_HERE; catalogue order is not an instruction to execute all historical revisions
09,030,historical_utility,analysis/09_030_stage_figure3_assets_revision_02_utility.ps1,09_030_stage_figure3_assets_revision_02_utility,analysis/RUN_STEP_V2_96J2.ps1,Use START_HERE; catalogue order is not an instruction to execute all historical revisions
09,031,historical_utility,analysis/09_031_stage_self_contained_figure3_assets_utility.ps1,09_031_stage_self_contained_figure3_assets_utility,analysis/RUN_STEP_V2_96J3.ps1,Use START_HERE; catalogue order is not an instruction to execute all historical revisions
09,032,historical_utility,analysis/09_032_stage_figure3_assets_utility.ps1,09_032_stage_figure3_assets_utility,analysis/RUN_STEP_V2_96J.ps1,Use START_HERE; catalogue order is not an instruction to execute all historical revisions
10,001,current_figure_program,analysis/final_figures/10_001_rebuild_submission_figures.R,10_001_rebuild_submission_figures,analysis/final_figures/100B_rebuild_corrected_figures.R,Use START_HERE; catalogue order is not an instruction to execute all historical revisions
10,002,current_figure_program,analysis/final_figures/10_002_generate_figure_legends.R,10_002_generate_figure_legends,analysis/final_figures/100C_generate_corrected_legends.R,Use START_HERE; catalogue order is not an instruction to execute all historical revisions
10,003,current_figure_program,analysis/final_figures/10_003_assemble_supplementary_pdf.py,10_003_assemble_supplementary_pdf,analysis/final_figures/build_corrected_supplementary_information.py,Use START_HERE; catalogue order is not an instruction to execute all historical revisions
10,004,current_figure_program,analysis/final_figures/10_004_figure_display_settings.R,10_004_figure_display_settings,analysis/final_figures/figure_display_overrides.R,Use START_HERE; catalogue order is not an instruction to execute all historical revisions
11,001,historical_utility,analysis/11_001_get_vsearch_2_31_0_utility.ps1,11_001_get_vsearch_2_31_0_utility,analysis/GET_VSEARCH_2.31.0.ps1,Use START_HERE; catalogue order is not an instruction to execute all historical revisions
